/* Although TRUNCATE is a DDL statement we are putting it here*/
SET FOREIGN_KEY_CHECKS = 0; 
TRUNCATE table branch_subjects;
TRUNCATE table students;
TRUNCATE table branch;
TRUNCATE table user_details;
TRUNCATE table subjects;
TRUNCATE table user_validation;
SET FOREIGN_KEY_CHECKS = 1;

/*insert into user_validation*/
INSERT INTO `user_validation` (`user_id`,`password`) VALUES ("Nayda","OBX24RHS8KN"),("Kyle","NSV15QTN1VS"),("Indira","YQY24DHZ8YF"),("Bernard","ZTC25EXC3ZJ"),("Boris","API31USG2KO"),("Jarrod","PMI10TZZ7QT"),("Jolene","UKI46FKU8JW"),("Willow","ASF91VIW0NK"),("Joseph","WLG76FDF3UI"),("Ivory","FHZ58RLA8PS");
INSERT INTO `user_validation` (`user_id`,`password`) VALUES ("Felicia","FIL10GYZ4FF"),("Karleigh","OFY42EHH6NH"),("Deanna","LUQ55YSA5AQ"),("Grant","MJG18QZY6HV"),("Hadassah","IBF78WIG4QG"),("Ima","VHI95XLG7JV"),("Denton","GPJ39LHH3EN"),("Drew","GLC24UOF2ZU"),("Ivana","YJG09FQC7SQ"),("Vielka","ZTC66TEG8HH");
INSERT INTO `user_validation` (`user_id`,`password`) VALUES ("Karina","UUI51VWZ3IT"),("Natalie","ONZ62WGQ0BZ"),("Zane","YFT74OWM9RY"),("Vance","OSB79WWF0LO"),("Nolan","QJE62NSA3DZ"),("Dane","JDE62NQF3GR"),("Russell","AVT54BMU2OQ"),("Bevis","ERJ01LOU8YF"),("Wylie","KAZ14LXC8SM"),("Arden","XGJ04BTL0KZ");
INSERT INTO `user_validation` (`user_id`,`password`) VALUES ("Blake","MZZ72WBJ4TW"),("Evan","SKP28SAR2GC"),("Demetria","CSK45RFI1VC"),("Barrett","MAT02LDA3FS"),("Rhona","OTH22WAF7MN"),("Ishmael","UZZ30OIC7AN"),("Bruce","UOX79FDP6GA"),("Burton","JJU55QVH0YO"),("Anika","MBT68DSX5VF"),("Abel","LVZ00BIR8WN");
INSERT INTO `user_validation` (`user_id`,`password`) VALUES ("Holmes","DWZ45UUH8QJ"),("Francis","TGP35MRN0ZS"),("Lucy","OPI20CUR9LT"),("Troy","YIG70HRR7AW"),("Caldwell","DJC00CJG5FP"),("Rana","OFU55PYG4MH"),("Amena","LNX02WDP8RN"),("Keegan","UEX16CRY1OF"),("Wanda","PTS79JCR6IL"),("Patrick","ZGM28CMN5KR");
INSERT INTO `user_validation` (`user_id`,`password`) VALUES ("Thane","ZTR81OMT3LU"),("Gil","ATR09KBX6XO"),("Flavia","PLK53BYU8TB"),("Kirestin","MIV94CVX6RG"),("Elton","QEK70FOS0FF"),("Yeo","ZJV53SKM9VT"),("Ebony","YPR60SYA3NA"),("Aspen","ZHY68OYX5DH"),("Indigo","YIA98XDO3DF"),("Chase","BKJ54ZZB9QU");
INSERT INTO `user_validation` (`user_id`,`password`) VALUES ("Oleg","TJK08UQV1FN"),("Orlando","IUD45SWX1PJ"),("Cheryl","OJP53QDY9IM"),("Lucius","WTC44SVU6OR"),("Lareina","ZER02MCF9OY"),("Ezra","COG39MOL7IR"),("Elmo","XLF74ZEC4UQ"),("Iona","MVZ32BZZ4QK"),("Adena","NUR96MJH6OU"),("Farrah","CCL12SDH1ZF");
INSERT INTO `user_validation` (`user_id`,`password`) VALUES ("Wyoming","PMP84LHK1QR"),("Graham","WUV01SZW1EB"),("Shelby","KWP97UWF8UB"),("Emerson","DNV72NTC9VQ"),("Paki","VLO67FEG1BF"),("Yuri","BMX76RDH4CT"),("Medge","LSW63GFU9BY"),("Rudyard","IOK43MJR4HJ"),("Valentine","GEP89DXY5FK"),("Irma","WLJ20XBK0MJ");
INSERT INTO `user_validation` (`user_id`,`password`) VALUES ("Moses","STI64YRX6EN"),("Hiram","XHZ82VTQ8CB"),("Adele","MJO67MIV3MV"),("Driscoll","UDA21NPV0KT"),("Perry","EJA44PCS6CC"),("Madaline","NYP08HTM9FC"),("Keiko","QCP93GEX3WO"),("Nicole","PIW07BQD8GZ"),("Francesca","BRS94GDG3KN"),("Aubrey","YNX31ANV8WT");
INSERT INTO `user_validation` (`user_id`,`password`) VALUES ("Gabriel","BIP92USE6UY"),("Denise","TPQ64QIK0DY"),("Matthew","DCY13BYU0ET"),("Keaton","CEC77XBW4BJ"),("Grace","ZSX64WLB0XJ"),("Lev","JIZ74HWQ9CI"),("Bethany","SGG70AWD3LG"),("Leonard","RJX55KQI6UL"),("Jerry","007");


/*Insert scripts for user_details*/
INSERT INTO user_details(parent_user_id,first_name,last_name,email,gender) VALUES (1,'Cody','Farady','cfarady0@dmoz.org','Male');
INSERT INTO user_details(parent_user_id,first_name,last_name,email,gender) VALUES (2,'Wally','Giacomozzo','wgiacomozzo1@zdnet.com','Female');
INSERT INTO user_details(parent_user_id,first_name,last_name,email,gender) VALUES (3,'Rikki','Lawrie','rlawrie2@archive.org','Male');
INSERT INTO user_details(parent_user_id,first_name,last_name,email,gender) VALUES (4,'Neel','Behninck','nbehninck3@dailymotion.com','Male');
INSERT INTO user_details(parent_user_id,first_name,last_name,email,gender) VALUES (5,'Wayland','Managh','wmanagh4@blogspot.com','Male');
INSERT INTO user_details(parent_user_id,first_name,last_name,email,gender) VALUES (6,'Esme','Rossbrooke','erossbrooke5@stanford.edu','Female');
INSERT INTO user_details(parent_user_id,first_name,last_name,email,gender) VALUES (7,'Rosalyn','Ferries','rferries6@moonfruit.com','Female');
INSERT INTO user_details(parent_user_id,first_name,last_name,email,gender) VALUES (8,'Scot','Holtum','sholtum7@quantcast.com','Male');
INSERT INTO user_details(parent_user_id,first_name,last_name,email,gender) VALUES (9,'Guillemette','Filipowicz','gfilipowicz8@cpanel.net','Female');
INSERT INTO user_details(parent_user_id,first_name,last_name,email,gender) VALUES (10,'Joye','Dore','jdore9@joomla.org','Female');
INSERT INTO user_details(parent_user_id,first_name,last_name,email,gender) VALUES (11,'Spense','Mallinar','smallinara@aboutads.info','Male');
INSERT INTO user_details(parent_user_id,first_name,last_name,email,gender) VALUES (12,'Hedwiga','Dade','hdadeb@who.int','Female');
INSERT INTO user_details(parent_user_id,first_name,last_name,email,gender) VALUES (13,'Myron','Kunneke','mkunnekec@hhs.gov','Male');
INSERT INTO user_details(parent_user_id,first_name,last_name,email,gender) VALUES (14,'Janifer','Henrionot','jhenrionotd@discovery.com','Female');
INSERT INTO user_details(parent_user_id,first_name,last_name,email,gender) VALUES (15,'Ronni','Le Provost','rleprovoste@go.com','Female');
INSERT INTO user_details(parent_user_id,first_name,last_name,email,gender) VALUES (16,'Nerte','Zannolli','nzannollif@sciencedaily.com','Female');
INSERT INTO user_details(parent_user_id,first_name,last_name,email,gender) VALUES (17,'Consalve','Henkens','chenkensg@shop-pro.jp','Male');
INSERT INTO user_details(parent_user_id,first_name,last_name,email,gender) VALUES (18,'Chaddy','Thewless','cthewlessh@ustream.tv','Male');
INSERT INTO user_details(parent_user_id,first_name,last_name,email,gender) VALUES (19,'Loren','Hovie','lhoviei@xrea.com','Male');
INSERT INTO user_details(parent_user_id,first_name,last_name,email,gender) VALUES (20,'Buddie','Dolligon','bdolligonj@vkontakte.ru','Male');
INSERT INTO user_details(parent_user_id,first_name,last_name,email,gender) VALUES (21,'Fae','Maharey','fmahareyk@sun.com','Female');
INSERT INTO user_details(parent_user_id,first_name,last_name,email,gender) VALUES (22,'Sara-ann','Tetford','stetfordl@printfriendly.com','Female');
INSERT INTO user_details(parent_user_id,first_name,last_name,email,gender) VALUES (23,'Roxana','Wissby','rwissbym@wikispaces.com','Female');
INSERT INTO user_details(parent_user_id,first_name,last_name,email,gender) VALUES (24,'Adolph','O''Nolan','aonolann@cnbc.com','Male');
INSERT INTO user_details(parent_user_id,first_name,last_name,email,gender) VALUES (25,'Ede','Cumo','ecumoo@ow.ly','Female');
INSERT INTO user_details(parent_user_id,first_name,last_name,email,gender) VALUES (26,'Else','Calfe','ecalfep@fc2.com','Female');
INSERT INTO user_details(parent_user_id,first_name,last_name,email,gender) VALUES (27,'Emmanuel','Rossbrook','erossbrookq@bluehost.com','Male');
INSERT INTO user_details(parent_user_id,first_name,last_name,email,gender) VALUES (28,'Crista','Jardin','cjardinr@unc.edu','Female');
INSERT INTO user_details(parent_user_id,first_name,last_name,email,gender) VALUES (29,'Eadmund','Hoggins','ehogginss@cyberchimps.com','Male');
INSERT INTO user_details(parent_user_id,first_name,last_name,email,gender) VALUES (30,'Naomi','Sicha','nsichat@nytimes.com','Female');
INSERT INTO user_details(parent_user_id,first_name,last_name,email,gender) VALUES (31,'Tessa','Dockery','tdockeryu@home.pl','Female');
INSERT INTO user_details(parent_user_id,first_name,last_name,email,gender) VALUES (32,'Bridget','Fromont','bfromontv@kickstarter.com','Female');
INSERT INTO user_details(parent_user_id,first_name,last_name,email,gender) VALUES (33,'Mandi','Turnbull','mturnbullw@google.it','Female');
INSERT INTO user_details(parent_user_id,first_name,last_name,email,gender) VALUES (34,'Jodi','Connichie','jconnichiex@cargocollective.com','Female');
INSERT INTO user_details(parent_user_id,first_name,last_name,email,gender) VALUES (35,'Dennet','Stockle','dstockley@webeden.co.uk','Male');
INSERT INTO user_details(parent_user_id,first_name,last_name,email,gender) VALUES (36,'Delcina','Lavis','dlavisz@over-blog.com','Female');
INSERT INTO user_details(parent_user_id,first_name,last_name,email,gender) VALUES (37,'Ashia','Desborough','adesborough10@ovh.net','Female');
INSERT INTO user_details(parent_user_id,first_name,last_name,email,gender) VALUES (38,'Giulia','Tal','gtal11@psu.edu','Female');
INSERT INTO user_details(parent_user_id,first_name,last_name,email,gender) VALUES (39,'Donia','Tart','dtart12@ebay.co.uk','Female');
INSERT INTO user_details(parent_user_id,first_name,last_name,email,gender) VALUES (40,'Farr','McKane','fmckane13@google.co.uk','Male');
INSERT INTO user_details(parent_user_id,first_name,last_name,email,gender) VALUES (41,'Diannne','Turmell','dturmell14@hao123.com','Female');
INSERT INTO user_details(parent_user_id,first_name,last_name,email,gender) VALUES (42,'Jada','Endon','jendon15@trellian.com','Female');
INSERT INTO user_details(parent_user_id,first_name,last_name,email,gender) VALUES (43,'Ruprecht','Klageman','rklageman16@dedecms.com','Male');
INSERT INTO user_details(parent_user_id,first_name,last_name,email,gender) VALUES (44,'Karry','McPaik','kmcpaik17@mlb.com','Female');
INSERT INTO user_details(parent_user_id,first_name,last_name,email,gender) VALUES (45,'Matti','Ayerst','mayerst18@studiopress.com','Female');
INSERT INTO user_details(parent_user_id,first_name,last_name,email,gender) VALUES (46,'Talbert','Teall','tteall19@wikimedia.org','Male');
INSERT INTO user_details(parent_user_id,first_name,last_name,email,gender) VALUES (47,'Evania','Abernethy','eabernethy1a@nps.gov','Female');
INSERT INTO user_details(parent_user_id,first_name,last_name,email,gender) VALUES (48,'Petr','Evill','pevill1b@nhs.uk','Male');
INSERT INTO user_details(parent_user_id,first_name,last_name,email,gender) VALUES (49,'Esther','Couser','ecouser1c@dion.ne.jp','Female');
INSERT INTO user_details(parent_user_id,first_name,last_name,email,gender) VALUES (50,'Noland','Naldrett','nnaldrett1d@microsoft.com','Male');
INSERT INTO user_details(parent_user_id,first_name,last_name,email,gender) VALUES (51,'Clayborne','Veldstra','cveldstra1e@mapquest.com','Male');
INSERT INTO user_details(parent_user_id,first_name,last_name,email,gender) VALUES (52,'Jacquelyn','Lancastle','jlancastle1f@umich.edu','Female');
INSERT INTO user_details(parent_user_id,first_name,last_name,email,gender) VALUES (53,'Murial','Wakeham','mwakeham1g@posterous.com','Female');
INSERT INTO user_details(parent_user_id,first_name,last_name,email,gender) VALUES (54,'Milicent','Boldt','mboldt1h@sphinn.com','Female');
INSERT INTO user_details(parent_user_id,first_name,last_name,email,gender) VALUES (55,'Caspar','Hammel','chammel1i@nbcnews.com','Male');
INSERT INTO user_details(parent_user_id,first_name,last_name,email,gender) VALUES (56,'Knox','Mayo','kmayo1j@quantcast.com','Male');
INSERT INTO user_details(parent_user_id,first_name,last_name,email,gender) VALUES (57,'Hastings','Shead','hshead1k@weather.com','Male');
INSERT INTO user_details(parent_user_id,first_name,last_name,email,gender) VALUES (58,'Stesha','Emanueli','semanueli1l@google.co.jp','Female');
INSERT INTO user_details(parent_user_id,first_name,last_name,email,gender) VALUES (59,'Alis','Massot','amassot1m@theglobeandmail.com','Female');
INSERT INTO user_details(parent_user_id,first_name,last_name,email,gender) VALUES (60,'Adara','Sinnett','asinnett1n@columbia.edu','Female');
INSERT INTO user_details(parent_user_id,first_name,last_name,email,gender) VALUES (61,'Noble','Vondra','nvondra1o@upenn.edu','Male');
INSERT INTO user_details(parent_user_id,first_name,last_name,email,gender) VALUES (62,'Ignatius','Follan','ifollan1p@chronoengine.com','Male');
INSERT INTO user_details(parent_user_id,first_name,last_name,email,gender) VALUES (63,'Edouard','Ketchell','eketchell1q@tamu.edu','Male');
INSERT INTO user_details(parent_user_id,first_name,last_name,email,gender) VALUES (64,'Corey','Dilon','cdilon1r@addtoany.com','Female');
INSERT INTO user_details(parent_user_id,first_name,last_name,email,gender) VALUES (65,'Packston','Feifer','pfeifer1s@mozilla.org','Male');
INSERT INTO user_details(parent_user_id,first_name,last_name,email,gender) VALUES (66,'Bryan','Casford','bcasford1t@weebly.com','Male');
INSERT INTO user_details(parent_user_id,first_name,last_name,email,gender) VALUES (67,'Dee','Hinken','dhinken1u@drupal.org','Female');
INSERT INTO user_details(parent_user_id,first_name,last_name,email,gender) VALUES (68,'Puff','Lockyer','plockyer1v@lycos.com','Male');
INSERT INTO user_details(parent_user_id,first_name,last_name,email,gender) VALUES (69,'Antin','Tsarovic','atsarovic1w@mozilla.com','Male');
INSERT INTO user_details(parent_user_id,first_name,last_name,email,gender) VALUES (70,'Joe','Langthorne','jlangthorne1x@artisteer.com','Male');
INSERT INTO user_details(parent_user_id,first_name,last_name,email,gender) VALUES (71,'Willis','Quarry','wquarry1y@sina.com.cn','Male');
INSERT INTO user_details(parent_user_id,first_name,last_name,email,gender) VALUES (72,'Tiler','Incogna','tincogna1z@reverbnation.com','Male');
INSERT INTO user_details(parent_user_id,first_name,last_name,email,gender) VALUES (73,'Jonell','Bonhome','jbonhome20@sciencedirect.com','Female');
INSERT INTO user_details(parent_user_id,first_name,last_name,email,gender) VALUES (74,'Cicely','Petrik','cpetrik21@chronoengine.com','Female');
INSERT INTO user_details(parent_user_id,first_name,last_name,email,gender) VALUES (75,'Cyrus','Zucker','czucker22@unesco.org','Male');
INSERT INTO user_details(parent_user_id,first_name,last_name,email,gender) VALUES (76,'Shelli','Griffitt','sgriffitt23@wordpress.com','Female');
INSERT INTO user_details(parent_user_id,first_name,last_name,email,gender) VALUES (77,'Estevan','Josskovitz','ejosskovitz24@amazon.de','Male');
INSERT INTO user_details(parent_user_id,first_name,last_name,email,gender) VALUES (78,'Eugene','Pester','epester25@businesswire.com','Male');
INSERT INTO user_details(parent_user_id,first_name,last_name,email,gender) VALUES (79,'Sergeant','Mars','smars26@mashable.com','Male');
INSERT INTO user_details(parent_user_id,first_name,last_name,email,gender) VALUES (80,'Janenna','Gooderham','jgooderham27@opera.com','Female');
INSERT INTO user_details(parent_user_id,first_name,last_name,email,gender) VALUES (81,'Paton','Yatman','pyatman28@alexa.com','Male');
INSERT INTO user_details(parent_user_id,first_name,last_name,email,gender) VALUES (82,'Danella','Matthias','dmatthias29@linkedin.com','Female');
INSERT INTO user_details(parent_user_id,first_name,last_name,email,gender) VALUES (83,'Ivan','Bruhnsen','ibruhnsen2a@foxnews.com','Male');
INSERT INTO user_details(parent_user_id,first_name,last_name,email,gender) VALUES (84,'Vinni','Maisey','vmaisey2b@simplemachines.org','Female');
INSERT INTO user_details(parent_user_id,first_name,last_name,email,gender) VALUES (85,'Jenelle','Berkelay','jberkelay2c@desdev.cn','Female');
INSERT INTO user_details(parent_user_id,first_name,last_name,email,gender) VALUES (86,'Paco','Tebbet','ptebbet2d@trellian.com','Male');
INSERT INTO user_details(parent_user_id,first_name,last_name,email,gender) VALUES (87,'Gregg','Loadwick','gloadwick2e@behance.net','Male');
INSERT INTO user_details(parent_user_id,first_name,last_name,email,gender) VALUES (88,'Marcellus','Domoni','mdomoni2f@instagram.com','Male');
INSERT INTO user_details(parent_user_id,first_name,last_name,email,gender) VALUES (89,'Angelita','Gotts','agotts2g@nasa.gov','Female');
INSERT INTO user_details(parent_user_id,first_name,last_name,email,gender) VALUES (90,'Elane','Cattel','ecattel2h@ezinearticles.com','Female');
INSERT INTO user_details(parent_user_id,first_name,last_name,email,gender) VALUES (91,'Ber','Pirrie','bpirrie2i@globo.com','Male');
INSERT INTO user_details(parent_user_id,first_name,last_name,email,gender) VALUES (92,'Liliane','McAlester','lmcalester2j@last.fm','Female');
INSERT INTO user_details(parent_user_id,first_name,last_name,email,gender) VALUES (93,'Ange','Pasquale','apasquale2k@newyorker.com','Male');
INSERT INTO user_details(parent_user_id,first_name,last_name,email,gender) VALUES (94,'Beatrisa','O'' Scallan','boscallan2l@behance.net','Female');
INSERT INTO user_details(parent_user_id,first_name,last_name,email,gender) VALUES (95,'Arty','Ellicombe','aellicombe2m@engadget.com','Male');
INSERT INTO user_details(parent_user_id,first_name,last_name,email,gender) VALUES (96,'Olva','Bosma','obosma2n@wikispaces.com','Female');
INSERT INTO user_details(parent_user_id,first_name,last_name,email,gender) VALUES (97,'Lane','Kener','lkener2o@scientificamerican.com','Male');
INSERT INTO user_details(parent_user_id,first_name,last_name,email,gender) VALUES (98,'Halie','Diboll','hdiboll2p@discuz.net','Female');
INSERT INTO user_details(parent_user_id,first_name,last_name,email,gender) VALUES (99,'Lauryn','Isham','lisham2q@mapy.cz','Female');

/*Make the user_id in user_validation as first_name[0]+last_name*/
UPDATE user_validation A SET user_id = (SELECT concat(lower(left(first_name,1)),lower(last_name)) FROM user_details B WHERE B.parent_user_id = A.id) WHERE EXISTS (SELECT 1 FROM user_details B WHERE B.parent_user_id = A.id);

/* Insert into Branch*/
INSERT INTO branch(branch_code,branch_name,open_year,max_strength) VALUES ('EE','Electrical Engineering',2006,120);
INSERT INTO branch(branch_code,branch_name,open_year,max_strength) VALUES ('EEE','Electrical and Electonics Engineering',2006,120);
INSERT INTO branch(branch_code,branch_name,open_year,max_strength) VALUES ('CSE','Computer Science Engineering',2008,240);
INSERT INTO branch(branch_code,branch_name,open_year,max_strength) VALUES ('IT','Information Technology',2008,240);
INSERT INTO branch(branch_code,branch_name,open_year,max_strength) VALUES ('ME','Mechanical Engineering',2004,120);
INSERT INTO branch(branch_code,branch_name,open_year,max_strength) VALUES ('ECE','Electronics and Communication Engineering',2005,120);
INSERT INTO branch(branch_code,branch_name,open_year,max_strength) VALUES ('IC','Instrumentation and Control Engineering',2003,120);
INSERT INTO branch(branch_code,branch_name,open_year,max_strength) VALUES ('CE','Civil Engineering',2004,120);
INSERT INTO branch(branch_code,branch_name,open_year,max_strength) VALUES ('EIE','Electronics and Instrumentation Engineering',2008,120);


/*Insert into Students table */
INSERT INTO students(parent_user_id,std_roll_no,std_admission_year,std_semester,std_branch) VALUES (11,1209736603,2018,1,'IT');
INSERT INTO students(parent_user_id,std_roll_no,std_admission_year,std_semester,std_branch) VALUES (1,1209721792,2017,3,'EEE');
INSERT INTO students(parent_user_id,std_roll_no,std_admission_year,std_semester,std_branch) VALUES (2,1209708428,2018,5,'ECE');
INSERT INTO students(parent_user_id,std_roll_no,std_admission_year,std_semester,std_branch) VALUES (3,1209701385,2012,8,'IT');
INSERT INTO students(parent_user_id,std_roll_no,std_admission_year,std_semester,std_branch) VALUES (4,1209705124,2010,2,'CE');
INSERT INTO students(parent_user_id,std_roll_no,std_admission_year,std_semester,std_branch) VALUES (5,1209706699,2012,1,'CE');
INSERT INTO students(parent_user_id,std_roll_no,std_admission_year,std_semester,std_branch) VALUES (6,1209726573,2016,2,'CSE');
INSERT INTO students(parent_user_id,std_roll_no,std_admission_year,std_semester,std_branch) VALUES (18,1209710551,2017,4,'CE');
INSERT INTO students(parent_user_id,std_roll_no,std_admission_year,std_semester,std_branch) VALUES (19,1209736602,2017,6,'EEE');
INSERT INTO students(parent_user_id,std_roll_no,std_admission_year,std_semester,std_branch) VALUES (20,1209728927,2018,7,'CE');
INSERT INTO students(parent_user_id,std_roll_no,std_admission_year,std_semester,std_branch) VALUES (21,1209720011,2018,3,'EIE');
INSERT INTO students(parent_user_id,std_roll_no,std_admission_year,std_semester,std_branch) VALUES (22,1209731991,2017,6,'EEE');
INSERT INTO students(parent_user_id,std_roll_no,std_admission_year,std_semester,std_branch) VALUES (23,1209707785,2011,4,'CSE');
INSERT INTO students(parent_user_id,std_roll_no,std_admission_year,std_semester,std_branch) VALUES (35,1209731703,2012,2,'EEE');
INSERT INTO students(parent_user_id,std_roll_no,std_admission_year,std_semester,std_branch) VALUES (36,1209716380,2010,4,'CSE');
INSERT INTO students(parent_user_id,std_roll_no,std_admission_year,std_semester,std_branch) VALUES (37,1209730665,2010,8,'EIE');
INSERT INTO students(parent_user_id,std_roll_no,std_admission_year,std_semester,std_branch) VALUES (38,1209711720,2011,2,'EIE');
INSERT INTO students(parent_user_id,std_roll_no,std_admission_year,std_semester,std_branch) VALUES (39,1209705166,2010,8,'CSE');
INSERT INTO students(parent_user_id,std_roll_no,std_admission_year,std_semester,std_branch) VALUES (40,1209704722,2010,1,'IC');
INSERT INTO students(parent_user_id,std_roll_no,std_admission_year,std_semester,std_branch) VALUES (41,1209700237,2015,5,'EIE');
INSERT INTO students(parent_user_id,std_roll_no,std_admission_year,std_semester,std_branch) VALUES (42,1209734754,2012,1,'IC');
INSERT INTO students(parent_user_id,std_roll_no,std_admission_year,std_semester,std_branch) VALUES (43,1209717344,2016,2,'ECE');
INSERT INTO students(parent_user_id,std_roll_no,std_admission_year,std_semester,std_branch) VALUES (44,1209727937,2018,4,'EIE');
INSERT INTO students(parent_user_id,std_roll_no,std_admission_year,std_semester,std_branch) VALUES (45,1209733878,2017,1,'IC');
INSERT INTO students(parent_user_id,std_roll_no,std_admission_year,std_semester,std_branch) VALUES (46,1209707303,2018,1,'CE');
INSERT INTO students(parent_user_id,std_roll_no,std_admission_year,std_semester,std_branch) VALUES (47,1209735948,2010,1,'ECE');
INSERT INTO students(parent_user_id,std_roll_no,std_admission_year,std_semester,std_branch) VALUES (48,1209731078,2016,8,'EEE');
INSERT INTO students(parent_user_id,std_roll_no,std_admission_year,std_semester,std_branch) VALUES (49,1209717907,2012,1,'CSE');
INSERT INTO students(parent_user_id,std_roll_no,std_admission_year,std_semester,std_branch) VALUES (50,1209722705,2010,4,'IT');
INSERT INTO students(parent_user_id,std_roll_no,std_admission_year,std_semester,std_branch) VALUES (51,1209721692,2017,1,'IC');
INSERT INTO students(parent_user_id,std_roll_no,std_admission_year,std_semester,std_branch) VALUES (52,1209733133,2013,3,'EIE');
INSERT INTO students(parent_user_id,std_roll_no,std_admission_year,std_semester,std_branch) VALUES (53,1209706545,2012,1,'ECE');
INSERT INTO students(parent_user_id,std_roll_no,std_admission_year,std_semester,std_branch) VALUES (54,1209723100,2010,7,'EIE');
INSERT INTO students(parent_user_id,std_roll_no,std_admission_year,std_semester,std_branch) VALUES (55,1209702503,2014,4,'CSE');
INSERT INTO students(parent_user_id,std_roll_no,std_admission_year,std_semester,std_branch) VALUES (72,1209731648,2014,4,'IC');
INSERT INTO students(parent_user_id,std_roll_no,std_admission_year,std_semester,std_branch) VALUES (73,1209709067,2011,5,'CE');
INSERT INTO students(parent_user_id,std_roll_no,std_admission_year,std_semester,std_branch) VALUES (74,1209735452,2017,8,'EEE');
INSERT INTO students(parent_user_id,std_roll_no,std_admission_year,std_semester,std_branch) VALUES (75,1209704173,2012,1,'EEE');
INSERT INTO students(parent_user_id,std_roll_no,std_admission_year,std_semester,std_branch) VALUES (76,1209705834,2016,4,'CE');
INSERT INTO students(parent_user_id,std_roll_no,std_admission_year,std_semester,std_branch) VALUES (77,1209718401,2011,6,'CSE');
INSERT INTO students(parent_user_id,std_roll_no,std_admission_year,std_semester,std_branch) VALUES (78,1209719749,2011,2,'CSE');
INSERT INTO students(parent_user_id,std_roll_no,std_admission_year,std_semester,std_branch) VALUES (79,1209733741,2014,6,'EIE');
INSERT INTO students(parent_user_id,std_roll_no,std_admission_year,std_semester,std_branch) VALUES (80,1209722342,2012,7,'ECE');
INSERT INTO students(parent_user_id,std_roll_no,std_admission_year,std_semester,std_branch) VALUES (81,1209702965,2013,8,'EIE');
INSERT INTO students(parent_user_id,std_roll_no,std_admission_year,std_semester,std_branch) VALUES (82,1209736413,2013,2,'IT');
INSERT INTO students(parent_user_id,std_roll_no,std_admission_year,std_semester,std_branch) VALUES (83,1209722382,2016,3,'CSE');
INSERT INTO students(parent_user_id,std_roll_no,std_admission_year,std_semester,std_branch) VALUES (90,1209713280,2012,2,'EIE');
INSERT INTO students(parent_user_id,std_roll_no,std_admission_year,std_semester,std_branch) VALUES (91,1209716736,2014,1,'IC');
INSERT INTO students(parent_user_id,std_roll_no,std_admission_year,std_semester,std_branch) VALUES (92,1209713190,2013,5,'IC');
INSERT INTO students(parent_user_id,std_roll_no,std_admission_year,std_semester,std_branch) VALUES (93,1209707075,2015,2,'CSE');
INSERT INTO students(parent_user_id,std_roll_no,std_admission_year,std_semester,std_branch) VALUES (94,1209714986,2013,2,'ECE');
INSERT INTO students(parent_user_id,std_roll_no,std_admission_year,std_semester,std_branch) VALUES (95,1209729072,2018,6,'EEE');
INSERT INTO students(parent_user_id,std_roll_no,std_admission_year,std_semester,std_branch) VALUES (96,1209728437,2012,3,'CSE');
INSERT INTO students(parent_user_id,std_roll_no,std_admission_year,std_semester,std_branch) VALUES (97,1209710232,2016,7,'ECE');
INSERT INTO students(parent_user_id,std_roll_no,std_admission_year,std_semester,std_branch) VALUES (98,1209720218,2013,2,'ECE');
INSERT INTO students(parent_user_id,std_roll_no,std_admission_year,std_semester,std_branch) VALUES (99,1209700243,2017,4,'IT');

/*Insert into subjects */
INSERT INTO subjects(Subject_Code,Subject,internal_marks,external_marks,Credits) VALUES ('CE101','Art of Programming',50,100,5.00);
INSERT INTO subjects(Subject_Code,Subject,internal_marks,external_marks,Credits) VALUES ('CE103','Computer Programming',50,100,5.00);
INSERT INTO subjects(Subject_Code,Subject,internal_marks,external_marks,Credits) VALUES ('CE301','Digital Systems',50,100,5.00);
INSERT INTO subjects(Subject_Code,Subject,internal_marks,external_marks,Credits) VALUES ('CE302','Object Oriented Programming',50,100,5.00);
INSERT INTO subjects(Subject_Code,Subject,internal_marks,external_marks,Credits) VALUES ('CE303','Mathematical foundation of Computer Science',50,100,4.00);
INSERT INTO subjects(Subject_Code,Subject,internal_marks,external_marks,Credits) VALUES ('CE401','Data Communication',50,100,4.00);
INSERT INTO subjects(Subject_Code,Subject,internal_marks,external_marks,Credits) VALUES ('CE402','Computer Organization',50,100,5.00);
INSERT INTO subjects(Subject_Code,Subject,internal_marks,external_marks,Credits) VALUES ('CE403','Data Structures',50,100,5.00);
INSERT INTO subjects(Subject_Code,Subject,internal_marks,external_marks,Credits) VALUES ('CE404','Seminar',50,0,1.00);
INSERT INTO subjects(Subject_Code,Subject,internal_marks,external_marks,Credits) VALUES ('CE405','Mini Project - I',50,0,1.00);
INSERT INTO subjects(Subject_Code,Subject,internal_marks,external_marks,Credits) VALUES ('CE406','Computer Peripherals Workshop',50,0,1.00);
INSERT INTO subjects(Subject_Code,Subject,internal_marks,external_marks,Credits) VALUES ('CE501','Theory of Computation',50,100,4.00);
INSERT INTO subjects(Subject_Code,Subject,internal_marks,external_marks,Credits) VALUES ('CE502','Database Management Systems',50,100,5.00);
INSERT INTO subjects(Subject_Code,Subject,internal_marks,external_marks,Credits) VALUES ('CE503','Computer Networks',50,100,5.00);
INSERT INTO subjects(Subject_Code,Subject,internal_marks,external_marks,Credits) VALUES ('CE504','Operating Systems',50,100,5.00);
INSERT INTO subjects(Subject_Code,Subject,internal_marks,external_marks,Credits) VALUES ('CE505','Mini Project- II',50,0,1.00);
INSERT INTO subjects(Subject_Code,Subject,internal_marks,external_marks,Credits) VALUES ('CE601','Design and Analysis of Algorithms',50,100,4.00);
INSERT INTO subjects(Subject_Code,Subject,internal_marks,external_marks,Credits) VALUES ('CE602','Mini Project- III',50,0,1.00);
INSERT INTO subjects(Subject_Code,Subject,internal_marks,external_marks,Credits) VALUES ('CE611','.net Technologies (Elective I)',20,80,4.00);
INSERT INTO subjects(Subject_Code,Subject,internal_marks,external_marks,Credits) VALUES ('CE613','IT Industry Management (Elective III)',20,80,4.00);
INSERT INTO subjects(Subject_Code,Subject,internal_marks,external_marks,Credits) VALUES ('CE621','Java Technologies (Elective I)',20,80,4.00);
INSERT INTO subjects(Subject_Code,Subject,internal_marks,external_marks,Credits) VALUES ('CE623','Machine Learning (Elective III)',20,80,4.00);
INSERT INTO subjects(Subject_Code,Subject,internal_marks,external_marks,Credits) VALUES ('CE631','Objective C Programming (Elective I)',20,80,4.00);
INSERT INTO subjects(Subject_Code,Subject,internal_marks,external_marks,Credits) VALUES ('CE633','Data Mining (Elective III)',20,80,4.00);
INSERT INTO subjects(Subject_Code,Subject,internal_marks,external_marks,Credits) VALUES ('CE641','Embedded C Programming (Elective I)',20,80,4.00);
INSERT INTO subjects(Subject_Code,Subject,internal_marks,external_marks,Credits) VALUES ('CE643','Parallel and Distributed computing (Elective III)',20,80,4.00);
INSERT INTO subjects(Subject_Code,Subject,internal_marks,external_marks,Credits) VALUES ('CE651','LAMP Technologies (Elective I)',20,80,4.00);
INSERT INTO subjects(Subject_Code,Subject,internal_marks,external_marks,Credits) VALUES ('CE653','Advanced Data Structures (Elective III)',20,80,4.00);
INSERT INTO subjects(Subject_Code,Subject,internal_marks,external_marks,Credits) VALUES ('CE661','Mobile Applications Development Technologies (Elective I)',20,80,4.00);
INSERT INTO subjects(Subject_Code,Subject,internal_marks,external_marks,Credits) VALUES ('CE663','Natural Language Processing (Elective III)',20,80,4.00);
INSERT INTO subjects(Subject_Code,Subject,internal_marks,external_marks,Credits) VALUES ('CE671','Internet of Things(Elective 1)',20,80,4.00);
INSERT INTO subjects(Subject_Code,Subject,internal_marks,external_marks,Credits) VALUES ('CE701','Interfacing with Microprocessor',50,100,4.00);
INSERT INTO subjects(Subject_Code,Subject,internal_marks,external_marks,Credits) VALUES ('CE702','Minor Project',50,100,2.00);
INSERT INTO subjects(Subject_Code,Subject,internal_marks,external_marks,Credits) VALUES ('CE703','Open source development lab',50,50,4.00);
INSERT INTO subjects(Subject_Code,Subject,internal_marks,external_marks,Credits) VALUES ('CE801','Major Project',250,250,21.00);
INSERT INTO subjects(Subject_Code,Subject,internal_marks,external_marks,Credits) VALUES ('CL101','Environment and Energy Studies',50,100,3.00);
INSERT INTO subjects(Subject_Code,Subject,internal_marks,external_marks,Credits) VALUES ('CL102','Mechanics of Solids',50,100,5.00);
INSERT INTO subjects(Subject_Code,Subject,internal_marks,external_marks,Credits) VALUES ('CL301','Structural Mechanics - I',50,100,4.00);
INSERT INTO subjects(Subject_Code,Subject,internal_marks,external_marks,Credits) VALUES ('CL302','Building Construction Materials',50,100,3.00);
INSERT INTO subjects(Subject_Code,Subject,internal_marks,external_marks,Credits) VALUES ('CL303','Surveying - I',50,100,3.00);
INSERT INTO subjects(Subject_Code,Subject,internal_marks,external_marks,Credits) VALUES ('CL304','Building and Town Planning',50,100,5.00);
INSERT INTO subjects(Subject_Code,Subject,internal_marks,external_marks,Credits) VALUES ('CL305','Concrete Technology',50,100,4.00);
INSERT INTO subjects(Subject_Code,Subject,internal_marks,external_marks,Credits) VALUES ('CL401','Geology and Geotechnical Engineering',50,100,5.00);
INSERT INTO subjects(Subject_Code,Subject,internal_marks,external_marks,Credits) VALUES ('CL402','Structural Mechanics - II',50,100,5.00);
INSERT INTO subjects(Subject_Code,Subject,internal_marks,external_marks,Credits) VALUES ('CL403','Building Construction',50,100,3.00);
INSERT INTO subjects(Subject_Code,Subject,internal_marks,external_marks,Credits) VALUES ('CL404','Surveying - II',20,80,4.00);
INSERT INTO subjects(Subject_Code,Subject,internal_marks,external_marks,Credits) VALUES ('CL405','Fluid Mechanics',50,100,4.00);
INSERT INTO subjects(Subject_Code,Subject,internal_marks,external_marks,Credits) VALUES ('CL406','Seminar',50,0,1.00);
INSERT INTO subjects(Subject_Code,Subject,internal_marks,external_marks,Credits) VALUES ('CL501','Design of Structures - I',50,100,5.00);
INSERT INTO subjects(Subject_Code,Subject,internal_marks,external_marks,Credits) VALUES ('CL502','Water Resources and Irrigation',50,100,4.00);
INSERT INTO subjects(Subject_Code,Subject,internal_marks,external_marks,Credits) VALUES ('CL503','Environmental Engineering - I',50,100,4.00);
INSERT INTO subjects(Subject_Code,Subject,internal_marks,external_marks,Credits) VALUES ('CL504','Transportation Engineering - I',50,100,3.00);
INSERT INTO subjects(Subject_Code,Subject,internal_marks,external_marks,Credits) VALUES ('CL505','Advanced Construction',50,100,3.00);
INSERT INTO subjects(Subject_Code,Subject,internal_marks,external_marks,Credits) VALUES ('CL506','Foundation Engineering',50,100,4.00);
INSERT INTO subjects(Subject_Code,Subject,internal_marks,external_marks,Credits) VALUES ('CL507','Mini Project - I',80,0,1.00);
INSERT INTO subjects(Subject_Code,Subject,internal_marks,external_marks,Credits) VALUES ('CL601','Design of Structures - II',50,100,5.00);
INSERT INTO subjects(Subject_Code,Subject,internal_marks,external_marks,Credits) VALUES ('CL602','Environmental Engineering - II',50,100,3.00);
INSERT INTO subjects(Subject_Code,Subject,internal_marks,external_marks,Credits) VALUES ('CL603','Transportation Engineering ? II',50,100,4.00);
INSERT INTO subjects(Subject_Code,Subject,internal_marks,external_marks,Credits) VALUES ('CL604','Mini Project ? II',80,0,1.00);
INSERT INTO subjects(Subject_Code,Subject,internal_marks,external_marks,Credits) VALUES ('CL6E1','Elective I',20,80,4.00);
INSERT INTO subjects(Subject_Code,Subject,internal_marks,external_marks,Credits) VALUES ('CL6E2','Elective II',20,80,4.00);
INSERT INTO subjects(Subject_Code,Subject,internal_marks,external_marks,Credits) VALUES ('CL701','Construction and Project Management',50,80,4.00);
INSERT INTO subjects(Subject_Code,Subject,internal_marks,external_marks,Credits) VALUES ('CL702','Professional Practice',50,80,4.00);
INSERT INTO subjects(Subject_Code,Subject,internal_marks,external_marks,Credits) VALUES ('CL703','Design of Structures - III',50,80,4.00);
INSERT INTO subjects(Subject_Code,Subject,internal_marks,external_marks,Credits) VALUES ('CL704','Minor Project',50,100,2.00);
INSERT INTO subjects(Subject_Code,Subject,internal_marks,external_marks,Credits) VALUES ('CL7E3','Elective III',20,80,4.00);
INSERT INTO subjects(Subject_Code,Subject,internal_marks,external_marks,Credits) VALUES ('CL7E4','Elective IV',20,80,4.00);
INSERT INTO subjects(Subject_Code,Subject,internal_marks,external_marks,Credits) VALUES ('CL801','Major Project',250,250,16.00);
INSERT INTO subjects(Subject_Code,Subject,internal_marks,external_marks,Credits) VALUES ('CLXXX','Institute Elective',20,80,3.00);
INSERT INTO subjects(Subject_Code,Subject,internal_marks,external_marks,Credits) VALUES ('CY101','Chemistry',50,100,3.00);
INSERT INTO subjects(Subject_Code,Subject,internal_marks,external_marks,Credits) VALUES ('EC301','Electronics Devices and Circuits-I',50,100,5.00);
INSERT INTO subjects(Subject_Code,Subject,internal_marks,external_marks,Credits) VALUES ('EC302','Digital Circuits',50,100,5.00);
INSERT INTO subjects(Subject_Code,Subject,internal_marks,external_marks,Credits) VALUES ('EC321','Basic Electronics',50,100,4.00);
INSERT INTO subjects(Subject_Code,Subject,internal_marks,external_marks,Credits) VALUES ('EC401','Signals and Systems',50,100,4.00);
INSERT INTO subjects(Subject_Code,Subject,internal_marks,external_marks,Credits) VALUES ('EC402','Electronics Devices and Circuits - II',50,100,4.00);
INSERT INTO subjects(Subject_Code,Subject,internal_marks,external_marks,Credits) VALUES ('EC403','Communication Systems',50,100,4.00);
INSERT INTO subjects(Subject_Code,Subject,internal_marks,external_marks,Credits) VALUES ('EC404','Electronics Design, Tools and Packages',80,0,1.00);
INSERT INTO subjects(Subject_Code,Subject,internal_marks,external_marks,Credits) VALUES ('EC405','Seminar',80,0,1.00);
INSERT INTO subjects(Subject_Code,Subject,internal_marks,external_marks,Credits) VALUES ('EC407','Comprehensive Viva/Voce',25,25,2.00);
INSERT INTO subjects(Subject_Code,Subject,internal_marks,external_marks,Credits) VALUES ('EC501','Electromagnetics Engineering',50,100,3.00);
INSERT INTO subjects(Subject_Code,Subject,internal_marks,external_marks,Credits) VALUES ('EC502','Integrated Circuits and Applications',50,100,4.00);
INSERT INTO subjects(Subject_Code,Subject,internal_marks,external_marks,Credits) VALUES ('EC503','Microprocessor and Computer Architecture',50,100,3.00);
INSERT INTO subjects(Subject_Code,Subject,internal_marks,external_marks,Credits) VALUES ('EC504','Modern Measurement and Instrumentation',50,100,2.00);
INSERT INTO subjects(Subject_Code,Subject,internal_marks,external_marks,Credits) VALUES ('EC505','Digital Communication',50,100,4.00);
INSERT INTO subjects(Subject_Code,Subject,internal_marks,external_marks,Credits) VALUES ('EC506','Digital Signal Processing',50,100,4.00);
INSERT INTO subjects(Subject_Code,Subject,internal_marks,external_marks,Credits) VALUES ('EC507','Microprocessor and Microcontroller Lab',50,50,1.00);
INSERT INTO subjects(Subject_Code,Subject,internal_marks,external_marks,Credits) VALUES ('EC508','Mini Project-I',50,0,1.00);
INSERT INTO subjects(Subject_Code,Subject,internal_marks,external_marks,Credits) VALUES ('EC601','Digital System Design',50,100,4.00);
INSERT INTO subjects(Subject_Code,Subject,internal_marks,external_marks,Credits) VALUES ('EC602','Antenna and Wave Propagation',50,100,4.00);
INSERT INTO subjects(Subject_Code,Subject,internal_marks,external_marks,Credits) VALUES ('EC603','Fiber Optic Communication',50,100,4.00);
INSERT INTO subjects(Subject_Code,Subject,internal_marks,external_marks,Credits) VALUES ('EC605','Mini Project-II',50,0,1.00);
INSERT INTO subjects(Subject_Code,Subject,internal_marks,external_marks,Credits) VALUES ('EC611','Digital Integrated Circuit Design',50,100,3.00);
INSERT INTO subjects(Subject_Code,Subject,internal_marks,external_marks,Credits) VALUES ('EC612','Analog Integrated Circuit Design',50,100,3.00);
INSERT INTO subjects(Subject_Code,Subject,internal_marks,external_marks,Credits) VALUES ('EC621','System Modeling and Design',50,100,3.00);
INSERT INTO subjects(Subject_Code,Subject,internal_marks,external_marks,Credits) VALUES ('EC622','Modern Processor Architecture',50,100,3.00);
INSERT INTO subjects(Subject_Code,Subject,internal_marks,external_marks,Credits) VALUES ('EC631','Estimation and Detection Theory',50,100,3.00);
INSERT INTO subjects(Subject_Code,Subject,internal_marks,external_marks,Credits) VALUES ('EC632','Error Control Coding',50,100,3.00);
INSERT INTO subjects(Subject_Code,Subject,internal_marks,external_marks,Credits) VALUES ('EC641','Telecom Networks',50,100,3.00);
INSERT INTO subjects(Subject_Code,Subject,internal_marks,external_marks,Credits) VALUES ('EC642','Satellite Communication',50,100,3.00);
INSERT INTO subjects(Subject_Code,Subject,internal_marks,external_marks,Credits) VALUES ('EC701','Data Communication and Networking',50,100,4.00);
INSERT INTO subjects(Subject_Code,Subject,internal_marks,external_marks,Credits) VALUES ('EC702','Embedded Systems',50,100,4.00);
INSERT INTO subjects(Subject_Code,Subject,internal_marks,external_marks,Credits) VALUES ('EC703','Microwave Engineering',50,100,4.00);
INSERT INTO subjects(Subject_Code,Subject,internal_marks,external_marks,Credits) VALUES ('EC704','Minor Project',50,100,2.00);
INSERT INTO subjects(Subject_Code,Subject,internal_marks,external_marks,Credits) VALUES ('EC713','Testing and Verification of Electronic Circuits',50,100,3.00);
INSERT INTO subjects(Subject_Code,Subject,internal_marks,external_marks,Credits) VALUES ('EC714','High Performance VLSI Design',50,100,3.00);
INSERT INTO subjects(Subject_Code,Subject,internal_marks,external_marks,Credits) VALUES ('EC723','Multimedia Systems',50,100,3.00);
INSERT INTO subjects(Subject_Code,Subject,internal_marks,external_marks,Credits) VALUES ('EC724','Image Processing',50,100,3.00);
INSERT INTO subjects(Subject_Code,Subject,internal_marks,external_marks,Credits) VALUES ('EC733','Wireless Communications',50,100,3.00);
INSERT INTO subjects(Subject_Code,Subject,internal_marks,external_marks,Credits) VALUES ('EC734','RF Communication Circuits',50,100,3.00);
INSERT INTO subjects(Subject_Code,Subject,internal_marks,external_marks,Credits) VALUES ('EC743','Wireless Sensor Networks',50,100,3.00);
INSERT INTO subjects(Subject_Code,Subject,internal_marks,external_marks,Credits) VALUES ('EC744','Broadband Network',50,100,3.00);
INSERT INTO subjects(Subject_Code,Subject,internal_marks,external_marks,Credits) VALUES ('EC801','Major Project',250,250,24.00);
INSERT INTO subjects(Subject_Code,Subject,internal_marks,external_marks,Credits) VALUES ('EE101','Elements of Electrical Engineering',50,100,4.00);
INSERT INTO subjects(Subject_Code,Subject,internal_marks,external_marks,Credits) VALUES ('EE102','Electrical Workshop Practices',50,0,1.00);
INSERT INTO subjects(Subject_Code,Subject,internal_marks,external_marks,Credits) VALUES ('EE301','Analog Electronic Circuits',50,100,4.00);
INSERT INTO subjects(Subject_Code,Subject,internal_marks,external_marks,Credits) VALUES ('EE302','Network Analysis and Synthesis',50,100,4.00);
INSERT INTO subjects(Subject_Code,Subject,internal_marks,external_marks,Credits) VALUES ('EE303','Electrical Engineering Materials',50,100,2.00);
INSERT INTO subjects(Subject_Code,Subject,internal_marks,external_marks,Credits) VALUES ('EE304','Electrical Transducers and Measurements',50,100,4.00);
INSERT INTO subjects(Subject_Code,Subject,internal_marks,external_marks,Credits) VALUES ('EE321','Network Analysis',50,100,4.00);
INSERT INTO subjects(Subject_Code,Subject,internal_marks,external_marks,Credits) VALUES ('EE322','Electrical Technology',50,100,3.00);
INSERT INTO subjects(Subject_Code,Subject,internal_marks,external_marks,Credits) VALUES ('EE401','Fundamentals of Electrical Power System',50,100,3.00);
INSERT INTO subjects(Subject_Code,Subject,internal_marks,external_marks,Credits) VALUES ('EE402','DC Machines and Transformers',50,100,4.00);
INSERT INTO subjects(Subject_Code,Subject,internal_marks,external_marks,Credits) VALUES ('EE403','Digital Electronic Circuits',50,100,4.00);
INSERT INTO subjects(Subject_Code,Subject,internal_marks,external_marks,Credits) VALUES ('EE404','Fundamentals of Power Electronics',50,100,4.00);
INSERT INTO subjects(Subject_Code,Subject,internal_marks,external_marks,Credits) VALUES ('EE405','Control System Engineering',50,100,4.00);
INSERT INTO subjects(Subject_Code,Subject,internal_marks,external_marks,Credits) VALUES ('EE406','Engineering Electromagnetics',50,100,4.00);
INSERT INTO subjects(Subject_Code,Subject,internal_marks,external_marks,Credits) VALUES ('EE407','Seminar',50,0,1.00);
INSERT INTO subjects(Subject_Code,Subject,internal_marks,external_marks,Credits) VALUES ('EE421','Electrical Machines and Drives',50,100,4.00);
INSERT INTO subjects(Subject_Code,Subject,internal_marks,external_marks,Credits) VALUES ('EE501','Analysis of Electrical Power System',50,100,4.00);
INSERT INTO subjects(Subject_Code,Subject,internal_marks,external_marks,Credits) VALUES ('EE502','Rotating AC Machines',50,100,4.00);
INSERT INTO subjects(Subject_Code,Subject,internal_marks,external_marks,Credits) VALUES ('EE503','High Voltage Engineering',50,100,4.00);
INSERT INTO subjects(Subject_Code,Subject,internal_marks,external_marks,Credits) VALUES ('EE504','Power Electronic Converters',50,100,4.00);
INSERT INTO subjects(Subject_Code,Subject,internal_marks,external_marks,Credits) VALUES ('EE505','Utilization of Electrical Power',50,100,2.00);
INSERT INTO subjects(Subject_Code,Subject,internal_marks,external_marks,Credits) VALUES ('EE506','Microprocessor and Microcontroller',50,100,4.00);
INSERT INTO subjects(Subject_Code,Subject,internal_marks,external_marks,Credits) VALUES ('EE507','Mini Project-I',50,0,1.00);
INSERT INTO subjects(Subject_Code,Subject,internal_marks,external_marks,Credits) VALUES ('EE601','Power System Operation and Control',50,100,5.00);
INSERT INTO subjects(Subject_Code,Subject,internal_marks,external_marks,Credits) VALUES ('EE602','Electrical Drives and Traction Systems',50,100,4.00);
INSERT INTO subjects(Subject_Code,Subject,internal_marks,external_marks,Credits) VALUES ('EE603','Testing, Commissioning and Maintenance of Electrical Equipment',50,100,3.00);
INSERT INTO subjects(Subject_Code,Subject,internal_marks,external_marks,Credits) VALUES ('EE604','Mini Project ? II',50,0,1.00);
INSERT INTO subjects(Subject_Code,Subject,internal_marks,external_marks,Credits) VALUES ('EE611','Electronic System Design (Elective-I)',20,80,3.00);
INSERT INTO subjects(Subject_Code,Subject,internal_marks,external_marks,Credits) VALUES ('EE612','Signals and Systems (Elective-II)',20,80,3.00);
INSERT INTO subjects(Subject_Code,Subject,internal_marks,external_marks,Credits) VALUES ('EE621','Permanent Magnet Brushless and Reluctance Motors (Elective-I)',20,80,3.00);
INSERT INTO subjects(Subject_Code,Subject,internal_marks,external_marks,Credits) VALUES ('EE622','Dynamics and Modelling of Electrical Machines (Elective-II)',20,80,3.00);
INSERT INTO subjects(Subject_Code,Subject,internal_marks,external_marks,Credits) VALUES ('EE631','Renewable Energy Sources (Elective-I)',20,80,3.00);
INSERT INTO subjects(Subject_Code,Subject,internal_marks,external_marks,Credits) VALUES ('EE632','Extra High Voltage Transmission (Elective-II)',20,80,3.00);
INSERT INTO subjects(Subject_Code,Subject,internal_marks,external_marks,Credits) VALUES ('EE641','Advanced Microprocessors and Microcontrollers (Elective-I)',20,80,3.00);
INSERT INTO subjects(Subject_Code,Subject,internal_marks,external_marks,Credits) VALUES ('EE701','Electrical Machine Design',50,100,4.00);
INSERT INTO subjects(Subject_Code,Subject,internal_marks,external_marks,Credits) VALUES ('EE702','Digital Signal Processors for Electrical Engineering',50,100,3.00);
INSERT INTO subjects(Subject_Code,Subject,internal_marks,external_marks,Credits) VALUES ('EE703','Power System Protection and Switchgear',50,100,4.00);
INSERT INTO subjects(Subject_Code,Subject,internal_marks,external_marks,Credits) VALUES ('EE704','Minor Project',50,100,2.00);
INSERT INTO subjects(Subject_Code,Subject,internal_marks,external_marks,Credits) VALUES ('EE713','Applications of Power Electronics in Power System (Elective III)',20,80,3.00);
INSERT INTO subjects(Subject_Code,Subject,internal_marks,external_marks,Credits) VALUES ('EE714','Electromagnetic Interference and Electromagnetic Compatibility (Elective IV)',20,80,3.00);
INSERT INTO subjects(Subject_Code,Subject,internal_marks,external_marks,Credits) VALUES ('EE723','Design of Permanent Magnet Brushless and Reluctance Motors (Elective III)',20,80,3.00);
INSERT INTO subjects(Subject_Code,Subject,internal_marks,external_marks,Credits) VALUES ('EE724','Control of Electric Drives (Elective IV)',20,80,3.00);
INSERT INTO subjects(Subject_Code,Subject,internal_marks,external_marks,Credits) VALUES ('EE733','Computer Techniques in Power System (Elective III)',20,80,3.00);
INSERT INTO subjects(Subject_Code,Subject,internal_marks,external_marks,Credits) VALUES ('EE734','Advanced Electrical Power System (Elective IV)',20,80,3.00);
INSERT INTO subjects(Subject_Code,Subject,internal_marks,external_marks,Credits) VALUES ('EE801','Major Project (Full-Time)',250,250,21.00);
INSERT INTO subjects(Subject_Code,Subject,internal_marks,external_marks,Credits) VALUES ('HM101','Communication Skills',50,100,3.00);
INSERT INTO subjects(Subject_Code,Subject,internal_marks,external_marks,Credits) VALUES ('HM102','English / Foreign Language',50,100,3.00);
INSERT INTO subjects(Subject_Code,Subject,internal_marks,external_marks,Credits) VALUES ('IC321','Linear Control System',50,100,4.00);
INSERT INTO subjects(Subject_Code,Subject,internal_marks,external_marks,Credits) VALUES ('IT502','Web designing',50,100,3.00);
INSERT INTO subjects(Subject_Code,Subject,internal_marks,external_marks,Credits) VALUES ('IT601','Software Engineering',50,100,4.00);
INSERT INTO subjects(Subject_Code,Subject,internal_marks,external_marks,Credits) VALUES ('IT612','Advanced Computer Networks (Elective II)',20,80,4.00);
INSERT INTO subjects(Subject_Code,Subject,internal_marks,external_marks,Credits) VALUES ('IT622','Machine Human Interface (Elective II)',20,80,4.00);
INSERT INTO subjects(Subject_Code,Subject,internal_marks,external_marks,Credits) VALUES ('IT632','Computer Graphics and Visualization (Elective II)',20,80,4.00);
INSERT INTO subjects(Subject_Code,Subject,internal_marks,external_marks,Credits) VALUES ('IT642','Main Frame Systems (Elective II)',20,80,4.00);
INSERT INTO subjects(Subject_Code,Subject,internal_marks,external_marks,Credits) VALUES ('IT652','Network Security and Encryption (Elective II)',20,80,4.00);
INSERT INTO subjects(Subject_Code,Subject,internal_marks,external_marks,Credits) VALUES ('IT662','Cloud Computing (Elective II)',20,80,4.00);
INSERT INTO subjects(Subject_Code,Subject,internal_marks,external_marks,Credits) VALUES ('IT682','Business Analysis and Optimization (Elective II)',20,80,4.00);
INSERT INTO subjects(Subject_Code,Subject,internal_marks,external_marks,Credits) VALUES ('IT692','Software Testing (Elective II)',20,80,4.00);
INSERT INTO subjects(Subject_Code,Subject,internal_marks,external_marks,Credits) VALUES ('IT702','Information Retrieval System (Elective IV)',20,80,4.00);
INSERT INTO subjects(Subject_Code,Subject,internal_marks,external_marks,Credits) VALUES ('IT714','Database Administration(Elective IV)',20,80,4.00);
INSERT INTO subjects(Subject_Code,Subject,internal_marks,external_marks,Credits) VALUES ('IT724','Artificial Intelligence',50,100,4.00);
INSERT INTO subjects(Subject_Code,Subject,internal_marks,external_marks,Credits) VALUES ('IT734','System administration(Elective IV)',20,80,4.00);
INSERT INTO subjects(Subject_Code,Subject,internal_marks,external_marks,Credits) VALUES ('IT744','Digital Image Processing(Elective IV)',20,80,4.00);
INSERT INTO subjects(Subject_Code,Subject,internal_marks,external_marks,Credits) VALUES ('IT754','Wireless Networks (Elective IV)',20,80,4.00);
INSERT INTO subjects(Subject_Code,Subject,internal_marks,external_marks,Credits) VALUES ('IT764','System Software (Elective I)',20,80,4.00);
INSERT INTO subjects(Subject_Code,Subject,internal_marks,external_marks,Credits) VALUES ('IT784','Data Compression(ElectiveIV)',20,80,4.00);
INSERT INTO subjects(Subject_Code,Subject,internal_marks,external_marks,Credits) VALUES ('IT794','Compiler Construction',50,100,4.00);
INSERT INTO subjects(Subject_Code,Subject,internal_marks,external_marks,Credits) VALUES ('IT7A4','Network programming (Elective IV)',20,80,4.00);
INSERT INTO subjects(Subject_Code,Subject,internal_marks,external_marks,Credits) VALUES ('IT7B4','Web security (Elective IV)',20,80,4.00);
INSERT INTO subjects(Subject_Code,Subject,internal_marks,external_marks,Credits) VALUES ('IT7C4','Big data analytics (Elective IV)',20,80,4.00);
INSERT INTO subjects(Subject_Code,Subject,internal_marks,external_marks,Credits) VALUES ('IT7D4','Agile Software Development (Elective IV)',20,80,4.00);
INSERT INTO subjects(Subject_Code,Subject,internal_marks,external_marks,Credits) VALUES ('IT7E4','Secure software engineering (Elective IV)',20,80,4.00);
INSERT INTO subjects(Subject_Code,Subject,internal_marks,external_marks,Credits) VALUES ('IT7F4','Deep Learning (Elective-IV)',20,80,4.00);
INSERT INTO subjects(Subject_Code,Subject,internal_marks,external_marks,Credits) VALUES ('MA101','Calculus',50,100,4.00);
INSERT INTO subjects(Subject_Code,Subject,internal_marks,external_marks,Credits) VALUES ('MA201','Linear Algebra',50,100,4.00);
INSERT INTO subjects(Subject_Code,Subject,internal_marks,external_marks,Credits) VALUES ('MA302','Engineering Mathematics',50,100,4.00);
INSERT INTO subjects(Subject_Code,Subject,internal_marks,external_marks,Credits) VALUES ('MA303','Vector Calculus, Complex Variables and Differential Equations',50,100,4.00);
INSERT INTO subjects(Subject_Code,Subject,internal_marks,external_marks,Credits) VALUES ('MA304','Mathematics for Electrical Engineers',50,100,5.00);
INSERT INTO subjects(Subject_Code,Subject,internal_marks,external_marks,Credits) VALUES ('MA306','Applied Mathematics.',50,100,4.00);
INSERT INTO subjects(Subject_Code,Subject,internal_marks,external_marks,Credits) VALUES ('MA401','Probability Distributions and Numerical Methods',50,100,3.00);
INSERT INTO subjects(Subject_Code,Subject,internal_marks,external_marks,Credits) VALUES ('MA402','Mathematics for Mechanical Engineering',50,100,4.00);
INSERT INTO subjects(Subject_Code,Subject,internal_marks,external_marks,Credits) VALUES ('MA403','Probability Statistics and Numerical Analysis',50,100,5.00);
INSERT INTO subjects(Subject_Code,Subject,internal_marks,external_marks,Credits) VALUES ('ME101','Engineering Graphics',50,100,4.00);
INSERT INTO subjects(Subject_Code,Subject,internal_marks,external_marks,Credits) VALUES ('ME102','Mechanical Workshop Practices',50,0,1.00);
INSERT INTO subjects(Subject_Code,Subject,internal_marks,external_marks,Credits) VALUES ('ME301','Kinematics',50,100,3.00);
INSERT INTO subjects(Subject_Code,Subject,internal_marks,external_marks,Credits) VALUES ('ME302','Thermodynamics',50,100,3.00);
INSERT INTO subjects(Subject_Code,Subject,internal_marks,external_marks,Credits) VALUES ('ME303','Material Technology',50,100,4.00);
INSERT INTO subjects(Subject_Code,Subject,internal_marks,external_marks,Credits) VALUES ('ME304','Manufacturing Processes I',50,100,4.00);
INSERT INTO subjects(Subject_Code,Subject,internal_marks,external_marks,Credits) VALUES ('ME305','Industrial Drafting and Machine Design',50,100,5.00);
INSERT INTO subjects(Subject_Code,Subject,internal_marks,external_marks,Credits) VALUES ('ME321','Thermal and Hydraulics Prime Movers',50,100,3.00);
INSERT INTO subjects(Subject_Code,Subject,internal_marks,external_marks,Credits) VALUES ('ME401','Dynamics of Machinery I',50,100,4.00);
INSERT INTO subjects(Subject_Code,Subject,internal_marks,external_marks,Credits) VALUES ('ME402','Metrology and Instrumentation',50,100,4.00);
INSERT INTO subjects(Subject_Code,Subject,internal_marks,external_marks,Credits) VALUES ('ME403','Manufacturing Processes II',50,100,4.00);
INSERT INTO subjects(Subject_Code,Subject,internal_marks,external_marks,Credits) VALUES ('ME404','Fluid Mechanics',50,100,4.00);
INSERT INTO subjects(Subject_Code,Subject,internal_marks,external_marks,Credits) VALUES ('ME405','Seminar',50,0,1.00);
INSERT INTO subjects(Subject_Code,Subject,internal_marks,external_marks,Credits) VALUES ('ME501','Dynamics of Machinery- II',50,100,4.00);
INSERT INTO subjects(Subject_Code,Subject,internal_marks,external_marks,Credits) VALUES ('ME502','Power Plant Engineering',50,100,4.00);
INSERT INTO subjects(Subject_Code,Subject,internal_marks,external_marks,Credits) VALUES ('ME503','Fluid Power Engineering',50,100,4.00);
INSERT INTO subjects(Subject_Code,Subject,internal_marks,external_marks,Credits) VALUES ('ME504','Heat and Mass Transfer',50,100,4.00);
INSERT INTO subjects(Subject_Code,Subject,internal_marks,external_marks,Credits) VALUES ('ME505','Control Engineering',50,100,3.00);
INSERT INTO subjects(Subject_Code,Subject,internal_marks,external_marks,Credits) VALUES ('ME506','Mini Project ? I',50,0,1.00);
INSERT INTO subjects(Subject_Code,Subject,internal_marks,external_marks,Credits) VALUES ('ME5E1','Department Elective I',20,80,3.00);
INSERT INTO subjects(Subject_Code,Subject,internal_marks,external_marks,Credits) VALUES ('ME601','Production Technology',50,100,4.00);
INSERT INTO subjects(Subject_Code,Subject,internal_marks,external_marks,Credits) VALUES ('ME602','Machine Design I',50,100,4.00);
INSERT INTO subjects(Subject_Code,Subject,internal_marks,external_marks,Credits) VALUES ('ME603','Thermal Engineering',50,100,4.00);
INSERT INTO subjects(Subject_Code,Subject,internal_marks,external_marks,Credits) VALUES ('ME604','Mini Project ? II',50,0,1.00);
INSERT INTO subjects(Subject_Code,Subject,internal_marks,external_marks,Credits) VALUES ('ME6E2','Department Elective II',20,80,3.00);
INSERT INTO subjects(Subject_Code,Subject,internal_marks,external_marks,Credits) VALUES ('ME6E3','Department Elective III',20,80,3.00);
INSERT INTO subjects(Subject_Code,Subject,internal_marks,external_marks,Credits) VALUES ('ME701','Computer Aided Design',50,100,4.00);
INSERT INTO subjects(Subject_Code,Subject,internal_marks,external_marks,Credits) VALUES ('ME702','Machine Design II',50,100,4.00);
INSERT INTO subjects(Subject_Code,Subject,internal_marks,external_marks,Credits) VALUES ('ME703','Production and Industrial Management',50,100,3.00);
INSERT INTO subjects(Subject_Code,Subject,internal_marks,external_marks,Credits) VALUES ('ME704','Computer aided Manufacturing',50,100,4.00);
INSERT INTO subjects(Subject_Code,Subject,internal_marks,external_marks,Credits) VALUES ('ME705','Minor Project',50,100,2.00);
INSERT INTO subjects(Subject_Code,Subject,internal_marks,external_marks,Credits) VALUES ('ME7E4','Department Elective IV',20,80,3.00);
INSERT INTO subjects(Subject_Code,Subject,internal_marks,external_marks,Credits) VALUES ('ME801','Major Project',250,250,23.00);
INSERT INTO subjects(Subject_Code,Subject,internal_marks,external_marks,Credits) VALUES ('PY101','Physics',50,100,3.00);
INSERT INTO subjects(Subject_Code,Subject,internal_marks,external_marks,Credits) VALUES ('SP101','Critical Thinking',50,0,0.00);
INSERT INTO subjects(Subject_Code,Subject,internal_marks,external_marks,Credits) VALUES ('SP102','Yog and Meditation',50,0,0.00);
INSERT INTO subjects(Subject_Code,Subject,internal_marks,external_marks,Credits) VALUES ('SP341','Ethics and Values',50,0,0.00);
INSERT INTO subjects(Subject_Code,Subject,internal_marks,external_marks,Credits) VALUES ('SP343','Entrepreneurship',50,0,1.00);
INSERT INTO subjects(Subject_Code,Subject,internal_marks,external_marks,Credits) VALUES ('SP344','Community Services',50,0,0.00);
INSERT INTO subjects(Subject_Code,Subject,internal_marks,external_marks,Credits) VALUES ('SP501','Fractional Course',50,0,0.00);
INSERT INTO subjects(Subject_Code,Subject,internal_marks,external_marks,Credits) VALUES ('SP601','Capstone Course',50,0,0.00);
INSERT INTO subjects(Subject_Code,Subject,internal_marks,external_marks,Credits) VALUES ('SP701','Practical Training',50,0,0.00);
INSERT INTO subjects(Subject_Code,Subject,internal_marks,external_marks,Credits) VALUES ('SS341','Economics For Engineers',50,100,2.00);
INSERT INTO subjects(Subject_Code,Subject,internal_marks,external_marks,Credits) VALUES ('SS342','ICT Tools and Security',50,0,1.00);
INSERT INTO subjects(Subject_Code,Subject,internal_marks,external_marks,Credits) VALUES ('SS401','ICT Tools and Security',50,0,1.00);
INSERT INTO subjects(Subject_Code,Subject,internal_marks,external_marks,Credits) VALUES ('SS561','Creativity and Innovation',50,100,2.00);
INSERT INTO subjects(Subject_Code,Subject,internal_marks,external_marks,Credits) VALUES ('SS561.','Creativity and Innovation.',50,100,2.00);
INSERT INTO subjects(Subject_Code,Subject,internal_marks,external_marks,Credits) VALUES ('SS562','Law for Engineers',50,100,2.00);
INSERT INTO subjects(Subject_Code,Subject,internal_marks,external_marks,Credits) VALUES ('SS701','Organizational Behavior',50,100,2.00);

/* Insert into Branch_subjects */
INSERT INTO branch_subjects(branch_code,subject_code,semester) VALUES ('EE','MA101',1);
INSERT INTO branch_subjects(branch_code,subject_code,semester) VALUES ('EE','PY101',1);
INSERT INTO branch_subjects(branch_code,subject_code,semester) VALUES ('EE','CL102',1);
INSERT INTO branch_subjects(branch_code,subject_code,semester) VALUES ('EE','HM102',1);
INSERT INTO branch_subjects(branch_code,subject_code,semester) VALUES ('EE','ME101',1);
INSERT INTO branch_subjects(branch_code,subject_code,semester) VALUES ('EE','ME102',1);
INSERT INTO branch_subjects(branch_code,subject_code,semester) VALUES ('EE','SP102',1);
INSERT INTO branch_subjects(branch_code,subject_code,semester) VALUES ('EE','MA201',2);
INSERT INTO branch_subjects(branch_code,subject_code,semester) VALUES ('EE','CY101',2);
INSERT INTO branch_subjects(branch_code,subject_code,semester) VALUES ('EE','CL101',2);
INSERT INTO branch_subjects(branch_code,subject_code,semester) VALUES ('EE','CE101',2);
INSERT INTO branch_subjects(branch_code,subject_code,semester) VALUES ('EE','EE101',2);
INSERT INTO branch_subjects(branch_code,subject_code,semester) VALUES ('EE','HM101',2);
INSERT INTO branch_subjects(branch_code,subject_code,semester) VALUES ('EE','EE102',2);
INSERT INTO branch_subjects(branch_code,subject_code,semester) VALUES ('EE','SP101',2);
INSERT INTO branch_subjects(branch_code,subject_code,semester) VALUES ('EE','MA304',3);
INSERT INTO branch_subjects(branch_code,subject_code,semester) VALUES ('EE','ME321',3);
INSERT INTO branch_subjects(branch_code,subject_code,semester) VALUES ('EE','EE301',3);
INSERT INTO branch_subjects(branch_code,subject_code,semester) VALUES ('EE','EE302',3);
INSERT INTO branch_subjects(branch_code,subject_code,semester) VALUES ('EE','EE303',3);
INSERT INTO branch_subjects(branch_code,subject_code,semester) VALUES ('EE','EE304',3);
INSERT INTO branch_subjects(branch_code,subject_code,semester) VALUES ('EE','SS342',3);
INSERT INTO branch_subjects(branch_code,subject_code,semester) VALUES ('EE','SP343',3);
INSERT INTO branch_subjects(branch_code,subject_code,semester) VALUES ('EE','SP344',3);
INSERT INTO branch_subjects(branch_code,subject_code,semester) VALUES ('EE','EE401',4);
INSERT INTO branch_subjects(branch_code,subject_code,semester) VALUES ('EE','EE402',4);
INSERT INTO branch_subjects(branch_code,subject_code,semester) VALUES ('EE','EE403',4);
INSERT INTO branch_subjects(branch_code,subject_code,semester) VALUES ('EE','EE404',4);
INSERT INTO branch_subjects(branch_code,subject_code,semester) VALUES ('EE','EE405',4);
INSERT INTO branch_subjects(branch_code,subject_code,semester) VALUES ('EE','EE406',4);
INSERT INTO branch_subjects(branch_code,subject_code,semester) VALUES ('EE','SS341',4);
INSERT INTO branch_subjects(branch_code,subject_code,semester) VALUES ('EE','EE407',4);
INSERT INTO branch_subjects(branch_code,subject_code,semester) VALUES ('EE','SP341',4);
INSERT INTO branch_subjects(branch_code,subject_code,semester) VALUES ('EE','EE501',5);
INSERT INTO branch_subjects(branch_code,subject_code,semester) VALUES ('EE','EE502',5);
INSERT INTO branch_subjects(branch_code,subject_code,semester) VALUES ('EE','EE503',5);
INSERT INTO branch_subjects(branch_code,subject_code,semester) VALUES ('EE','EE504',5);
INSERT INTO branch_subjects(branch_code,subject_code,semester) VALUES ('EE','EE505',5);
INSERT INTO branch_subjects(branch_code,subject_code,semester) VALUES ('EE','EE506',5);
INSERT INTO branch_subjects(branch_code,subject_code,semester) VALUES ('EE','EE507',5);
INSERT INTO branch_subjects(branch_code,subject_code,semester) VALUES ('EE','SP501',5);
INSERT INTO branch_subjects(branch_code,subject_code,semester) VALUES ('EE','EE601',6);
INSERT INTO branch_subjects(branch_code,subject_code,semester) VALUES ('EE','EE602',6);
INSERT INTO branch_subjects(branch_code,subject_code,semester) VALUES ('EE','EE603',6);
INSERT INTO branch_subjects(branch_code,subject_code,semester) VALUES ('EE','EE611',6);
INSERT INTO branch_subjects(branch_code,subject_code,semester) VALUES ('EE','EE621',6);
INSERT INTO branch_subjects(branch_code,subject_code,semester) VALUES ('EE','EE631',6);
INSERT INTO branch_subjects(branch_code,subject_code,semester) VALUES ('EE','EE641',6);
INSERT INTO branch_subjects(branch_code,subject_code,semester) VALUES ('EE','EE612',6);
INSERT INTO branch_subjects(branch_code,subject_code,semester) VALUES ('EE','EE622',6);
INSERT INTO branch_subjects(branch_code,subject_code,semester) VALUES ('EE','EE632',6);
INSERT INTO branch_subjects(branch_code,subject_code,semester) VALUES ('EE','EE604',6);
INSERT INTO branch_subjects(branch_code,subject_code,semester) VALUES ('EE','SP601',6);
INSERT INTO branch_subjects(branch_code,subject_code,semester) VALUES ('EE','EE701',7);
INSERT INTO branch_subjects(branch_code,subject_code,semester) VALUES ('EE','EE702',7);
INSERT INTO branch_subjects(branch_code,subject_code,semester) VALUES ('EE','EE703',7);
INSERT INTO branch_subjects(branch_code,subject_code,semester) VALUES ('EE','EE704',7);
INSERT INTO branch_subjects(branch_code,subject_code,semester) VALUES ('EE','SS701',7);
INSERT INTO branch_subjects(branch_code,subject_code,semester) VALUES ('EE','EE713',7);
INSERT INTO branch_subjects(branch_code,subject_code,semester) VALUES ('EE','EE723',7);
INSERT INTO branch_subjects(branch_code,subject_code,semester) VALUES ('EE','EE733',7);
INSERT INTO branch_subjects(branch_code,subject_code,semester) VALUES ('EE','EE714',7);
INSERT INTO branch_subjects(branch_code,subject_code,semester) VALUES ('EE','EE724',7);
INSERT INTO branch_subjects(branch_code,subject_code,semester) VALUES ('EE','EE734',7);
INSERT INTO branch_subjects(branch_code,subject_code,semester) VALUES ('EE','SP701',7);
INSERT INTO branch_subjects(branch_code,subject_code,semester) VALUES ('EE','EE801',8);
INSERT INTO branch_subjects(branch_code,subject_code,semester) VALUES ('CE','MA101',1);
INSERT INTO branch_subjects(branch_code,subject_code,semester) VALUES ('CE','CL101',1);
INSERT INTO branch_subjects(branch_code,subject_code,semester) VALUES ('CE','CY101',1);
INSERT INTO branch_subjects(branch_code,subject_code,semester) VALUES ('CE','CE103',1);
INSERT INTO branch_subjects(branch_code,subject_code,semester) VALUES ('CE','EE101',1);
INSERT INTO branch_subjects(branch_code,subject_code,semester) VALUES ('CE','HM101',1);
INSERT INTO branch_subjects(branch_code,subject_code,semester) VALUES ('CE','SP101',1);
INSERT INTO branch_subjects(branch_code,subject_code,semester) VALUES ('CE','EE102',1);
INSERT INTO branch_subjects(branch_code,subject_code,semester) VALUES ('CE','MA201',2);
INSERT INTO branch_subjects(branch_code,subject_code,semester) VALUES ('CE','CL102',2);
INSERT INTO branch_subjects(branch_code,subject_code,semester) VALUES ('CE','ME101',2);
INSERT INTO branch_subjects(branch_code,subject_code,semester) VALUES ('CE','PY101',2);
INSERT INTO branch_subjects(branch_code,subject_code,semester) VALUES ('CE','HM102',2);
INSERT INTO branch_subjects(branch_code,subject_code,semester) VALUES ('CE','SP102',2);
INSERT INTO branch_subjects(branch_code,subject_code,semester) VALUES ('CE','ME102',2);
INSERT INTO branch_subjects(branch_code,subject_code,semester) VALUES ('CE','MA302',3);
INSERT INTO branch_subjects(branch_code,subject_code,semester) VALUES ('CE','CL301',3);
INSERT INTO branch_subjects(branch_code,subject_code,semester) VALUES ('CE','CL302',3);
INSERT INTO branch_subjects(branch_code,subject_code,semester) VALUES ('CE','CL303',3);
INSERT INTO branch_subjects(branch_code,subject_code,semester) VALUES ('CE','CL304',3);
INSERT INTO branch_subjects(branch_code,subject_code,semester) VALUES ('CE','CL305',3);
INSERT INTO branch_subjects(branch_code,subject_code,semester) VALUES ('CE','SS341',3);
INSERT INTO branch_subjects(branch_code,subject_code,semester) VALUES ('CE','SP341',3);
INSERT INTO branch_subjects(branch_code,subject_code,semester) VALUES ('CE','SP344',3);
INSERT INTO branch_subjects(branch_code,subject_code,semester) VALUES ('CE','CL401',4);
INSERT INTO branch_subjects(branch_code,subject_code,semester) VALUES ('CE','CL402',4);
INSERT INTO branch_subjects(branch_code,subject_code,semester) VALUES ('CE','CL403',4);
INSERT INTO branch_subjects(branch_code,subject_code,semester) VALUES ('CE','CL404',4);
INSERT INTO branch_subjects(branch_code,subject_code,semester) VALUES ('CE','CL405',4);
INSERT INTO branch_subjects(branch_code,subject_code,semester) VALUES ('CE','CL406',4);
INSERT INTO branch_subjects(branch_code,subject_code,semester) VALUES ('CE','SS342',4);
INSERT INTO branch_subjects(branch_code,subject_code,semester) VALUES ('CE','SP343',4);
INSERT INTO branch_subjects(branch_code,subject_code,semester) VALUES ('CE','CL501',5);
INSERT INTO branch_subjects(branch_code,subject_code,semester) VALUES ('CE','CL502',5);
INSERT INTO branch_subjects(branch_code,subject_code,semester) VALUES ('CE','CL503',5);
INSERT INTO branch_subjects(branch_code,subject_code,semester) VALUES ('CE','CL504',5);
INSERT INTO branch_subjects(branch_code,subject_code,semester) VALUES ('CE','CL505',5);
INSERT INTO branch_subjects(branch_code,subject_code,semester) VALUES ('CE','CL506',5);
INSERT INTO branch_subjects(branch_code,subject_code,semester) VALUES ('CE','CL507',5);
INSERT INTO branch_subjects(branch_code,subject_code,semester) VALUES ('CE','SS561',5);
INSERT INTO branch_subjects(branch_code,subject_code,semester) VALUES ('CE','SP501',5);
INSERT INTO branch_subjects(branch_code,subject_code,semester) VALUES ('CE','CL601',6);
INSERT INTO branch_subjects(branch_code,subject_code,semester) VALUES ('CE','CL602',6);
INSERT INTO branch_subjects(branch_code,subject_code,semester) VALUES ('CE','CL603',6);
INSERT INTO branch_subjects(branch_code,subject_code,semester) VALUES ('CE','CL604',6);
INSERT INTO branch_subjects(branch_code,subject_code,semester) VALUES ('CE','CL6E1',6);
INSERT INTO branch_subjects(branch_code,subject_code,semester) VALUES ('CE','CL6E2',6);
INSERT INTO branch_subjects(branch_code,subject_code,semester) VALUES ('CE','CLXXX',6);
INSERT INTO branch_subjects(branch_code,subject_code,semester) VALUES ('CE','SS562',6);
INSERT INTO branch_subjects(branch_code,subject_code,semester) VALUES ('CE','SP601',6);
INSERT INTO branch_subjects(branch_code,subject_code,semester) VALUES ('CE','CL701',7);
INSERT INTO branch_subjects(branch_code,subject_code,semester) VALUES ('CE','CL702',7);
INSERT INTO branch_subjects(branch_code,subject_code,semester) VALUES ('CE','CL703',7);
INSERT INTO branch_subjects(branch_code,subject_code,semester) VALUES ('CE','CL7E3',7);
INSERT INTO branch_subjects(branch_code,subject_code,semester) VALUES ('CE','CL7E4',7);
INSERT INTO branch_subjects(branch_code,subject_code,semester) VALUES ('CE','CL704',7);
INSERT INTO branch_subjects(branch_code,subject_code,semester) VALUES ('CE','SS701',7);
INSERT INTO branch_subjects(branch_code,subject_code,semester) VALUES ('CE','SP701',7);
INSERT INTO branch_subjects(branch_code,subject_code,semester) VALUES ('CE','CL801',8);
INSERT INTO branch_subjects(branch_code,subject_code,semester) VALUES ('ME','MA101',1);
INSERT INTO branch_subjects(branch_code,subject_code,semester) VALUES ('ME','CY101',1);
INSERT INTO branch_subjects(branch_code,subject_code,semester) VALUES ('ME','CL101',1);
INSERT INTO branch_subjects(branch_code,subject_code,semester) VALUES ('ME','EE101',1);
INSERT INTO branch_subjects(branch_code,subject_code,semester) VALUES ('ME','HM101',1);
INSERT INTO branch_subjects(branch_code,subject_code,semester) VALUES ('ME','EE102',1);
INSERT INTO branch_subjects(branch_code,subject_code,semester) VALUES ('ME','SP101',1);
INSERT INTO branch_subjects(branch_code,subject_code,semester) VALUES ('ME','ME101',2);
INSERT INTO branch_subjects(branch_code,subject_code,semester) VALUES ('ME','MA201',2);
INSERT INTO branch_subjects(branch_code,subject_code,semester) VALUES ('ME','PY101',2);
INSERT INTO branch_subjects(branch_code,subject_code,semester) VALUES ('ME','CL102',2);
INSERT INTO branch_subjects(branch_code,subject_code,semester) VALUES ('ME','HM102',2);
INSERT INTO branch_subjects(branch_code,subject_code,semester) VALUES ('ME','ME102',2);
INSERT INTO branch_subjects(branch_code,subject_code,semester) VALUES ('ME','SP102',2);
INSERT INTO branch_subjects(branch_code,subject_code,semester) VALUES ('ME','ME301',3);
INSERT INTO branch_subjects(branch_code,subject_code,semester) VALUES ('ME','ME302',3);
INSERT INTO branch_subjects(branch_code,subject_code,semester) VALUES ('ME','ME303',3);
INSERT INTO branch_subjects(branch_code,subject_code,semester) VALUES ('ME','ME304',3);
INSERT INTO branch_subjects(branch_code,subject_code,semester) VALUES ('ME','ME305',3);
INSERT INTO branch_subjects(branch_code,subject_code,semester) VALUES ('ME','SS341',3);
INSERT INTO branch_subjects(branch_code,subject_code,semester) VALUES ('ME','SP341',3);
INSERT INTO branch_subjects(branch_code,subject_code,semester) VALUES ('ME','SP344',3);
INSERT INTO branch_subjects(branch_code,subject_code,semester) VALUES ('ME','EE322',3);
INSERT INTO branch_subjects(branch_code,subject_code,semester) VALUES ('ME','ME401',4);
INSERT INTO branch_subjects(branch_code,subject_code,semester) VALUES ('ME','ME402',4);
INSERT INTO branch_subjects(branch_code,subject_code,semester) VALUES ('ME','MA402',4);
INSERT INTO branch_subjects(branch_code,subject_code,semester) VALUES ('ME','ME403',4);
INSERT INTO branch_subjects(branch_code,subject_code,semester) VALUES ('ME','ME404',4);
INSERT INTO branch_subjects(branch_code,subject_code,semester) VALUES ('ME','SS342',4);
INSERT INTO branch_subjects(branch_code,subject_code,semester) VALUES ('ME','ME405',4);
INSERT INTO branch_subjects(branch_code,subject_code,semester) VALUES ('ME','SP343',4);
INSERT INTO branch_subjects(branch_code,subject_code,semester) VALUES ('ME','ME501',5);
INSERT INTO branch_subjects(branch_code,subject_code,semester) VALUES ('ME','ME502',5);
INSERT INTO branch_subjects(branch_code,subject_code,semester) VALUES ('ME','ME503',5);
INSERT INTO branch_subjects(branch_code,subject_code,semester) VALUES ('ME','ME504',5);
INSERT INTO branch_subjects(branch_code,subject_code,semester) VALUES ('ME','ME505',5);
INSERT INTO branch_subjects(branch_code,subject_code,semester) VALUES ('ME','ME506',5);
INSERT INTO branch_subjects(branch_code,subject_code,semester) VALUES ('ME','ME5E1',5);
INSERT INTO branch_subjects(branch_code,subject_code,semester) VALUES ('ME','SS561',5);
INSERT INTO branch_subjects(branch_code,subject_code,semester) VALUES ('ME','SP501',5);
INSERT INTO branch_subjects(branch_code,subject_code,semester) VALUES ('ME','ME601',6);
INSERT INTO branch_subjects(branch_code,subject_code,semester) VALUES ('ME','ME602',6);
INSERT INTO branch_subjects(branch_code,subject_code,semester) VALUES ('ME','ME603',6);
INSERT INTO branch_subjects(branch_code,subject_code,semester) VALUES ('ME','ME604',6);
INSERT INTO branch_subjects(branch_code,subject_code,semester) VALUES ('ME','ME6E2',6);
INSERT INTO branch_subjects(branch_code,subject_code,semester) VALUES ('ME','ME6E3',6);
INSERT INTO branch_subjects(branch_code,subject_code,semester) VALUES ('ME','SS562',6);
INSERT INTO branch_subjects(branch_code,subject_code,semester) VALUES ('ME','SP601',6);
INSERT INTO branch_subjects(branch_code,subject_code,semester) VALUES ('ME','ME701',7);
INSERT INTO branch_subjects(branch_code,subject_code,semester) VALUES ('ME','ME702',7);
INSERT INTO branch_subjects(branch_code,subject_code,semester) VALUES ('ME','ME703',7);
INSERT INTO branch_subjects(branch_code,subject_code,semester) VALUES ('ME','ME704',7);
INSERT INTO branch_subjects(branch_code,subject_code,semester) VALUES ('ME','ME705',7);
INSERT INTO branch_subjects(branch_code,subject_code,semester) VALUES ('ME','ME7E4',7);
INSERT INTO branch_subjects(branch_code,subject_code,semester) VALUES ('ME','SS701',7);
INSERT INTO branch_subjects(branch_code,subject_code,semester) VALUES ('ME','SP701',7);
INSERT INTO branch_subjects(branch_code,subject_code,semester) VALUES ('ME','ME801',8);
INSERT INTO branch_subjects(branch_code,subject_code,semester) VALUES ('CSE','MA101',1);
INSERT INTO branch_subjects(branch_code,subject_code,semester) VALUES ('CSE','PY101',1);
INSERT INTO branch_subjects(branch_code,subject_code,semester) VALUES ('CSE','CL102',1);
INSERT INTO branch_subjects(branch_code,subject_code,semester) VALUES ('CSE','ME101',1);
INSERT INTO branch_subjects(branch_code,subject_code,semester) VALUES ('CSE','ME102',1);
INSERT INTO branch_subjects(branch_code,subject_code,semester) VALUES ('CSE','SP102',1);
INSERT INTO branch_subjects(branch_code,subject_code,semester) VALUES ('CSE','HM102',1);
INSERT INTO branch_subjects(branch_code,subject_code,semester) VALUES ('CSE','MA201',2);
INSERT INTO branch_subjects(branch_code,subject_code,semester) VALUES ('CSE','CY101',2);
INSERT INTO branch_subjects(branch_code,subject_code,semester) VALUES ('CSE','CL101',2);
INSERT INTO branch_subjects(branch_code,subject_code,semester) VALUES ('CSE','CE103',2);
INSERT INTO branch_subjects(branch_code,subject_code,semester) VALUES ('CSE','EE101',2);
INSERT INTO branch_subjects(branch_code,subject_code,semester) VALUES ('CSE','HM101',2);
INSERT INTO branch_subjects(branch_code,subject_code,semester) VALUES ('CSE','EE102',2);
INSERT INTO branch_subjects(branch_code,subject_code,semester) VALUES ('CSE','SP101',2);
INSERT INTO branch_subjects(branch_code,subject_code,semester) VALUES ('CSE','EC321',3);
INSERT INTO branch_subjects(branch_code,subject_code,semester) VALUES ('CSE','CE301',3);
INSERT INTO branch_subjects(branch_code,subject_code,semester) VALUES ('CSE','CE302',3);
INSERT INTO branch_subjects(branch_code,subject_code,semester) VALUES ('CSE','CE303',3);
INSERT INTO branch_subjects(branch_code,subject_code,semester) VALUES ('CSE','SS342',3);
INSERT INTO branch_subjects(branch_code,subject_code,semester) VALUES ('CSE','SP344',3);
INSERT INTO branch_subjects(branch_code,subject_code,semester) VALUES ('CSE','SP343',3);
INSERT INTO branch_subjects(branch_code,subject_code,semester) VALUES ('CSE','MA306',3);
INSERT INTO branch_subjects(branch_code,subject_code,semester) VALUES ('CSE','SP341',4);
INSERT INTO branch_subjects(branch_code,subject_code,semester) VALUES ('CSE','CE401',4);
INSERT INTO branch_subjects(branch_code,subject_code,semester) VALUES ('CSE','CE402',4);
INSERT INTO branch_subjects(branch_code,subject_code,semester) VALUES ('CSE','CE403',4);
INSERT INTO branch_subjects(branch_code,subject_code,semester) VALUES ('CSE','CE404',4);
INSERT INTO branch_subjects(branch_code,subject_code,semester) VALUES ('CSE','CE405',4);
INSERT INTO branch_subjects(branch_code,subject_code,semester) VALUES ('CSE','CE406',4);
INSERT INTO branch_subjects(branch_code,subject_code,semester) VALUES ('CSE','MA403',4);
INSERT INTO branch_subjects(branch_code,subject_code,semester) VALUES ('CSE','SS341',4);
INSERT INTO branch_subjects(branch_code,subject_code,semester) VALUES ('CSE','CE501',5);
INSERT INTO branch_subjects(branch_code,subject_code,semester) VALUES ('CSE','CE502',5);
INSERT INTO branch_subjects(branch_code,subject_code,semester) VALUES ('CSE','CE503',5);
INSERT INTO branch_subjects(branch_code,subject_code,semester) VALUES ('CSE','CE504',5);
INSERT INTO branch_subjects(branch_code,subject_code,semester) VALUES ('CSE','IT502',5);
INSERT INTO branch_subjects(branch_code,subject_code,semester) VALUES ('CSE','SS562',5);
INSERT INTO branch_subjects(branch_code,subject_code,semester) VALUES ('CSE','SP501',5);
INSERT INTO branch_subjects(branch_code,subject_code,semester) VALUES ('CSE','CE505',5);
INSERT INTO branch_subjects(branch_code,subject_code,semester) VALUES ('CSE','CE601',6);
INSERT INTO branch_subjects(branch_code,subject_code,semester) VALUES ('CSE','IT601',6);
INSERT INTO branch_subjects(branch_code,subject_code,semester) VALUES ('CSE','CE611',6);
INSERT INTO branch_subjects(branch_code,subject_code,semester) VALUES ('CSE','CE621',6);
INSERT INTO branch_subjects(branch_code,subject_code,semester) VALUES ('CSE','CE631',6);
INSERT INTO branch_subjects(branch_code,subject_code,semester) VALUES ('CSE','CE641',6);
INSERT INTO branch_subjects(branch_code,subject_code,semester) VALUES ('CSE','IT764',6);
INSERT INTO branch_subjects(branch_code,subject_code,semester) VALUES ('CSE','CE602',6);
INSERT INTO branch_subjects(branch_code,subject_code,semester) VALUES ('CSE','SS561',6);
INSERT INTO branch_subjects(branch_code,subject_code,semester) VALUES ('CSE','SP601',6);
INSERT INTO branch_subjects(branch_code,subject_code,semester) VALUES ('CSE','CE671',6);
INSERT INTO branch_subjects(branch_code,subject_code,semester) VALUES ('CSE','CE651',6);
INSERT INTO branch_subjects(branch_code,subject_code,semester) VALUES ('CSE','CE661',6);
INSERT INTO branch_subjects(branch_code,subject_code,semester) VALUES ('CSE','IT612',6);
INSERT INTO branch_subjects(branch_code,subject_code,semester) VALUES ('CSE','IT622',6);
INSERT INTO branch_subjects(branch_code,subject_code,semester) VALUES ('CSE','IT632',6);
INSERT INTO branch_subjects(branch_code,subject_code,semester) VALUES ('CSE','IT642',6);
INSERT INTO branch_subjects(branch_code,subject_code,semester) VALUES ('CSE','IT652',6);
INSERT INTO branch_subjects(branch_code,subject_code,semester) VALUES ('CSE','IT662',6);
INSERT INTO branch_subjects(branch_code,subject_code,semester) VALUES ('CSE','IT692',6);
INSERT INTO branch_subjects(branch_code,subject_code,semester) VALUES ('CSE','IT682',6);
INSERT INTO branch_subjects(branch_code,subject_code,semester) VALUES ('CSE','CE613',6);
INSERT INTO branch_subjects(branch_code,subject_code,semester) VALUES ('CSE','CE623',6);
INSERT INTO branch_subjects(branch_code,subject_code,semester) VALUES ('CSE','CE633',6);
INSERT INTO branch_subjects(branch_code,subject_code,semester) VALUES ('CSE','CE643',6);
INSERT INTO branch_subjects(branch_code,subject_code,semester) VALUES ('CSE','CE653',6);
INSERT INTO branch_subjects(branch_code,subject_code,semester) VALUES ('CSE','CE663',6);
INSERT INTO branch_subjects(branch_code,subject_code,semester) VALUES ('CSE','IT724',7);
INSERT INTO branch_subjects(branch_code,subject_code,semester) VALUES ('CSE','IT794',7);
INSERT INTO branch_subjects(branch_code,subject_code,semester) VALUES ('CSE','IT784',7);
INSERT INTO branch_subjects(branch_code,subject_code,semester) VALUES ('CSE','CE701',7);
INSERT INTO branch_subjects(branch_code,subject_code,semester) VALUES ('CSE','CE703',7);
INSERT INTO branch_subjects(branch_code,subject_code,semester) VALUES ('CSE','IT744',7);
INSERT INTO branch_subjects(branch_code,subject_code,semester) VALUES ('CSE','IT714',7);
INSERT INTO branch_subjects(branch_code,subject_code,semester) VALUES ('CSE','SS701',7);
INSERT INTO branch_subjects(branch_code,subject_code,semester) VALUES ('CSE','IT7B4',7);
INSERT INTO branch_subjects(branch_code,subject_code,semester) VALUES ('CSE','IT7C4',7);
INSERT INTO branch_subjects(branch_code,subject_code,semester) VALUES ('CSE','IT7D4',7);
INSERT INTO branch_subjects(branch_code,subject_code,semester) VALUES ('CSE','IT7E4',7);
INSERT INTO branch_subjects(branch_code,subject_code,semester) VALUES ('CSE','IT7F4',7);
INSERT INTO branch_subjects(branch_code,subject_code,semester) VALUES ('CSE','SP701',7);
INSERT INTO branch_subjects(branch_code,subject_code,semester) VALUES ('CSE','IT754',7);
INSERT INTO branch_subjects(branch_code,subject_code,semester) VALUES ('CSE','IT702',7);
INSERT INTO branch_subjects(branch_code,subject_code,semester) VALUES ('CSE','IT7A4',7);
INSERT INTO branch_subjects(branch_code,subject_code,semester) VALUES ('CSE','IT734',7);
INSERT INTO branch_subjects(branch_code,subject_code,semester) VALUES ('CSE','CE702',7);
INSERT INTO branch_subjects(branch_code,subject_code,semester) VALUES ('CSE','CE801',8);
INSERT INTO branch_subjects(branch_code,subject_code,semester) VALUES ('ECE','MA101',1);
INSERT INTO branch_subjects(branch_code,subject_code,semester) VALUES ('ECE','PY101',1);
INSERT INTO branch_subjects(branch_code,subject_code,semester) VALUES ('ECE','CL102',1);
INSERT INTO branch_subjects(branch_code,subject_code,semester) VALUES ('ECE','ME101',1);
INSERT INTO branch_subjects(branch_code,subject_code,semester) VALUES ('ECE','ME102',1);
INSERT INTO branch_subjects(branch_code,subject_code,semester) VALUES ('ECE','SP102',1);
INSERT INTO branch_subjects(branch_code,subject_code,semester) VALUES ('ECE','HM102',1);
INSERT INTO branch_subjects(branch_code,subject_code,semester) VALUES ('ECE','MA201',2);
INSERT INTO branch_subjects(branch_code,subject_code,semester) VALUES ('ECE','CY101',2);
INSERT INTO branch_subjects(branch_code,subject_code,semester) VALUES ('ECE','CL101',2);
INSERT INTO branch_subjects(branch_code,subject_code,semester) VALUES ('ECE','CE103',2);
INSERT INTO branch_subjects(branch_code,subject_code,semester) VALUES ('ECE','EE101',2);
INSERT INTO branch_subjects(branch_code,subject_code,semester) VALUES ('ECE','HM101',2);
INSERT INTO branch_subjects(branch_code,subject_code,semester) VALUES ('ECE','EE102',2);
INSERT INTO branch_subjects(branch_code,subject_code,semester) VALUES ('ECE','SP101',2);
INSERT INTO branch_subjects(branch_code,subject_code,semester) VALUES ('ECE','EC301',3);
INSERT INTO branch_subjects(branch_code,subject_code,semester) VALUES ('ECE','EC302',3);
INSERT INTO branch_subjects(branch_code,subject_code,semester) VALUES ('ECE','EE321',3);
INSERT INTO branch_subjects(branch_code,subject_code,semester) VALUES ('ECE','IC321',3);
INSERT INTO branch_subjects(branch_code,subject_code,semester) VALUES ('ECE','MA303',3);
INSERT INTO branch_subjects(branch_code,subject_code,semester) VALUES ('ECE','SS341',3);
INSERT INTO branch_subjects(branch_code,subject_code,semester) VALUES ('ECE','SP341',3);
INSERT INTO branch_subjects(branch_code,subject_code,semester) VALUES ('ECE','SP344',3);
INSERT INTO branch_subjects(branch_code,subject_code,semester) VALUES ('ECE','MA401',4);
INSERT INTO branch_subjects(branch_code,subject_code,semester) VALUES ('ECE','EC401',4);
INSERT INTO branch_subjects(branch_code,subject_code,semester) VALUES ('ECE','EC402',4);
INSERT INTO branch_subjects(branch_code,subject_code,semester) VALUES ('ECE','EE421',4);
INSERT INTO branch_subjects(branch_code,subject_code,semester) VALUES ('ECE','EC403',4);
INSERT INTO branch_subjects(branch_code,subject_code,semester) VALUES ('ECE','EC404',4);
INSERT INTO branch_subjects(branch_code,subject_code,semester) VALUES ('ECE','EC405',4);
INSERT INTO branch_subjects(branch_code,subject_code,semester) VALUES ('ECE','SS401',4);
INSERT INTO branch_subjects(branch_code,subject_code,semester) VALUES ('ECE','SP343',4);
INSERT INTO branch_subjects(branch_code,subject_code,semester) VALUES ('ECE','EC501',5);
INSERT INTO branch_subjects(branch_code,subject_code,semester) VALUES ('ECE','EC502',5);
INSERT INTO branch_subjects(branch_code,subject_code,semester) VALUES ('ECE','EC503',5);
INSERT INTO branch_subjects(branch_code,subject_code,semester) VALUES ('ECE','EC504',5);
INSERT INTO branch_subjects(branch_code,subject_code,semester) VALUES ('ECE','EC505',5);
INSERT INTO branch_subjects(branch_code,subject_code,semester) VALUES ('ECE','EC506',5);
INSERT INTO branch_subjects(branch_code,subject_code,semester) VALUES ('ECE','EC507',5);
INSERT INTO branch_subjects(branch_code,subject_code,semester) VALUES ('ECE','EC508',5);
INSERT INTO branch_subjects(branch_code,subject_code,semester) VALUES ('ECE','SP501',5);
INSERT INTO branch_subjects(branch_code,subject_code,semester) VALUES ('ECE','SS562',6);
INSERT INTO branch_subjects(branch_code,subject_code,semester) VALUES ('ECE','EC601',6);
INSERT INTO branch_subjects(branch_code,subject_code,semester) VALUES ('ECE','EC602',6);
INSERT INTO branch_subjects(branch_code,subject_code,semester) VALUES ('ECE','EC603',6);
INSERT INTO branch_subjects(branch_code,subject_code,semester) VALUES ('ECE','EC611',6);
INSERT INTO branch_subjects(branch_code,subject_code,semester) VALUES ('ECE','EC621',6);
INSERT INTO branch_subjects(branch_code,subject_code,semester) VALUES ('ECE','EC631',6);
INSERT INTO branch_subjects(branch_code,subject_code,semester) VALUES ('ECE','EC641',6);
INSERT INTO branch_subjects(branch_code,subject_code,semester) VALUES ('ECE','EC612',6);
INSERT INTO branch_subjects(branch_code,subject_code,semester) VALUES ('ECE','EC622',6);
INSERT INTO branch_subjects(branch_code,subject_code,semester) VALUES ('ECE','EC632',6);
INSERT INTO branch_subjects(branch_code,subject_code,semester) VALUES ('ECE','EC605',6);
INSERT INTO branch_subjects(branch_code,subject_code,semester) VALUES ('ECE','SP601',6);
INSERT INTO branch_subjects(branch_code,subject_code,semester) VALUES ('ECE','EC733',7);
INSERT INTO branch_subjects(branch_code,subject_code,semester) VALUES ('ECE','EC642',7);
INSERT INTO branch_subjects(branch_code,subject_code,semester) VALUES ('ECE','EC701',7);
INSERT INTO branch_subjects(branch_code,subject_code,semester) VALUES ('ECE','EC702',7);
INSERT INTO branch_subjects(branch_code,subject_code,semester) VALUES ('ECE','EC703',7);
INSERT INTO branch_subjects(branch_code,subject_code,semester) VALUES ('ECE','EC704',7);
INSERT INTO branch_subjects(branch_code,subject_code,semester) VALUES ('ECE','EC713',7);
INSERT INTO branch_subjects(branch_code,subject_code,semester) VALUES ('ECE','EC723',7);
INSERT INTO branch_subjects(branch_code,subject_code,semester) VALUES ('ECE','EC743',7);
INSERT INTO branch_subjects(branch_code,subject_code,semester) VALUES ('ECE','EC714',7);
INSERT INTO branch_subjects(branch_code,subject_code,semester) VALUES ('ECE','EC724',7);
INSERT INTO branch_subjects(branch_code,subject_code,semester) VALUES ('ECE','EC734',7);
INSERT INTO branch_subjects(branch_code,subject_code,semester) VALUES ('ECE','EC744',7);
INSERT INTO branch_subjects(branch_code,subject_code,semester) VALUES ('ECE','SP701',7);
INSERT INTO branch_subjects(branch_code,subject_code,semester) VALUES ('ECE','EC801',7);
INSERT INTO branch_subjects(branch_code,subject_code,semester) VALUES ('ECE','EC407',8);

INSERT INTO employee(parent_user_id, emp_category) VALUES (7,'Faculty'),(8,'Faculty'),(9,'Security'),(10,'Other Staff');

/*
INSERT INTO faculty VALUES ('F001', 74000, 'HOD', 1223500),('F002', 74001, 'Assistant Professor', 666000);
*/

INSERT INTO faculty(employee_id,designation,salary) VALUES (74000,'HOD',12235000),(74001,'Assistant Professor', 666000);


INSERT INTO faculty_subjects (taught_by_faculty_id, subject_code, branch_subject_id) VALUES ('F001', 'MA101', 1),('F001', 'MA101', 183);
INSERT INTO faculty_subjects (taught_by_faculty_id, subject_code, branch_subject_id) VALUES ('F001', 'MA101', 270);

/*Admin Table*/
INSERT INTO admin_table (user_id, password) VALUES ('udwivedi','password')
